segment,s,x,y,z,yaw
0.000000000000000000e+00,0.000000000000000000e+00,-1.030551393499999913e+00,-3.812075582199999957e+01,-2.216117229999999827e-01,1.862599528482963007e-01
0.000000000000000000e+00,1.907593417541738612e-01,-8.430930617749998746e-01,-3.808543038154999749e+01,-2.223950430999999950e-01,1.862599528482963007e-01
0.000000000000000000e+00,3.815186835083477224e-01,-6.556347300499998365e-01,-3.805010494110000252e+01,-2.231783631999999795e-01,1.862599528482963007e-01
0.000000000000000000e+00,5.722780252625215835e-01,-4.681763983249997985e-01,-3.801477950065000044e+01,-2.239616832999999918e-01,1.862599528482963007e-01
0.000000000000000000e+00,7.630373670166954447e-01,-2.807180665999998714e-01,-3.797945406019999837e+01,-2.247450033999999763e-01,1.862599528482963007e-01
0.000000000000000000e+00,9.537967087708694169e-01,-9.325973487499994441e-02,-3.794412861975000339e+01,-2.255283234999999886e-01,1.862599528482963007e-01
0.000000000000000000e+00,1.144556050525043167e+00,9.419859685000031568e-02,-3.790880317930000132e+01,-2.263116436000000009e-01,1.862599528482963007e-01
0.000000000000000000e+00,1.335315392279217139e+00,2.816569285750001317e-01,-3.787347773884999924e+01,-2.270949636999999854e-01,1.862599528482963007e-01
0.000000000000000000e+00,1.526074734033390889e+00,4.691152603000001697e-01,-3.783815229839999716e+01,-2.278782837999999977e-01,1.862599528482963007e-01
0.000000000000000000e+00,1.716834075787564640e+00,6.565735920249999857e-01,-3.780282685795000219e+01,-2.286616038999999823e-01,1.862599528482963007e-01
0.000000000000000000e+00,1.907593417541738834e+00,8.440319237500000238e-01,-3.776750141750000012e+01,-2.294449239999999945e-01,1.862599528482963007e-01
0.000000000000000000e+00,2.098352759295912584e+00,1.031490255475000284e+00,-3.773217597704999804e+01,-2.302282441000000068e-01,1.862599528482963007e-01
0.000000000000000000e+00,2.289112101050086334e+00,1.218948587200000544e+00,-3.769685053660000307e+01,-2.310115641999999914e-01,1.862599528482963007e-01
0.000000000000000000e+00,2.479871442804260084e+00,1.406406918924999916e+00,-3.766152509615000099e+01,-2.317948843000000037e-01,1.862599528482963007e-01
0.000000000000000000e+00,2.670630784558434279e+00,1.593865250650000176e+00,-3.762619965569999891e+01,-2.325782043999999882e-01,1.862599528482963007e-01
0.000000000000000000e+00,2.861390126312607585e+00,1.781323582374999992e+00,-3.759087421524999684e+01,-2.333615245000000005e-01,1.862599528482963007e-01
0.000000000000000000e+00,3.052149468066781779e+00,1.968781914100000252e+00,-3.755554877480000187e+01,-2.341448446000000128e-01,1.862599528482963007e-01
0.000000000000000000e+00,3.242908809820955529e+00,2.156240245825000734e+00,-3.752022333434999979e+01,-2.349281646999999973e-01,1.862599528482963007e-01
0.000000000000000000e+00,3.433668151575129279e+00,2.343698577549999662e+00,-3.748489789389999771e+01,-2.357114848000000096e-01,1.862599528482963007e-01
0.000000000000000000e+00,3.624427493329303474e+00,2.531156909275000366e+00,-3.744957245345000274e+01,-2.364948048999999941e-01,1.862599528482963007e-01
1.000000000000000000e+00,3.815186835083477224e+00,2.718615241000000182e+00,-3.741424701300000066e+01,-2.372781250000000064e-01,-1.920408486343439247e-01
1.000000000000000000e+00,4.012548227000911183e+00,2.912348432485294403e+00,-3.745191591448529778e+01,-2.371251629117647197e-01,-1.920408486343439247e-01
1.000000000000000000e+00,4.209909618918344698e+00,3.106081623970588623e+00,-3.748958481597058778e+01,-2.369722008235294053e-01,-1.920408486343439247e-01
1.000000000000000000e+00,4.407271010835778213e+00,3.299814815455882400e+00,-3.752725371745588490e+01,-2.368192387352941186e-01,-1.920408486343439247e-01
1.000000000000000000e+00,4.604632402753212617e+00,3.493548006941176620e+00,-3.756492261894117490e+01,-2.366662766470588319e-01,-1.920408486343439247e-01
1.000000000000000000e+00,4.801993794670646132e+00,3.687281198426470841e+00,-3.760259152042647202e+01,-2.365133145588235453e-01,-1.920408486343439247e-01
1.000000000000000000e+00,4.999355186588079647e+00,3.881014389911764617e+00,-3.764026042191176913e+01,-2.363603524705882308e-01,-1.920408486343439247e-01
1.000000000000000000e+00,5.196716578505513162e+00,4.074747581397058838e+00,-3.767792932339705914e+01,-2.362073903823529442e-01,-1.920408486343439247e-01
1.000000000000000000e+00,5.394077970422946677e+00,4.268480772882353058e+00,-3.771559822488235625e+01,-2.360544282941176575e-01,-1.920408486343439247e-01
1.000000000000000000e+00,5.591439362340381081e+00,4.462213964367647279e+00,-3.775326712636764626e+01,-2.359014662058823708e-01,-1.920408486343439247e-01
1.000000000000000000e+00,5.788800754257814596e+00,4.655947155852941499e+00,-3.779093602785294337e+01,-2.357485041176470564e-01,-1.920408486343439247e-01
1.000000000000000000e+00,5.986162146175248111e+00,4.849680347338235720e+00,-3.782860492933823338e+01,-2.355955420294117697e-01,-1.920408486343439247e-01
1.000000000000000000e+00,6.183523538092682514e+00,5.043413538823529052e+00,-3.786627383082353049e+01,-2.354425799411764830e-01,-1.920408486343439247e-01
1.000000000000000000e+00,6.380884930010115141e+00,5.237146730308824161e+00,-3.790394273230882760e+01,-2.352896178529411964e-01,-1.920408486343439247e-01
1.000000000000000000e+00,6.578246321927549545e+00,5.430879921794117493e+00,-3.794161163379411761e+01,-2.351366557647058819e-01,-1.920408486343439247e-01
1.000000000000000000e+00,6.775607713844983060e+00,5.624613113279411714e+00,-3.797928053527941472e+01,-2.349836936764705952e-01,-1.920408486343439247e-01
1.000000000000000000e+00,6.972969105762416575e+00,5.818346304764705934e+00,-3.801694943676470473e+01,-2.348307315882353086e-01,-1.920408486343439247e-01
1.000000000000000000e+00,7.170330497679850978e+00,6.012079496250000155e+00,-3.805461833825000184e+01,-2.346777695000000219e-01,-1.920408486343439247e-01
1.000000000000000000e+00,7.367691889597283605e+00,6.205812687735294375e+00,-3.809228723973529895e+01,-2.345248074117647075e-01,-1.920408486343439247e-01
1.000000000000000000e+00,7.565053281514718009e+00,6.399545879220588596e+00,-3.812995614122058896e+01,-2.343718453235294208e-01,-1.920408486343439247e-01
1.000000000000000000e+00,7.762414673432151524e+00,6.593279070705882816e+00,-3.816762504270588607e+01,-2.342188832352941341e-01,-1.920408486343439247e-01
1.000000000000000000e+00,7.959776065349585039e+00,6.787012262191177037e+00,-3.820529394419117608e+01,-2.340659211470588197e-01,-1.920408486343439247e-01
1.000000000000000000e+00,8.157137457267019442e+00,6.980745453676471257e+00,-3.824296284567647319e+01,-2.339129590588235330e-01,-1.920408486343439247e-01
1.000000000000000000e+00,8.354498849184453846e+00,7.174478645161765478e+00,-3.828063174716177031e+01,-2.337599969705882463e-01,-1.920408486343439247e-01
1.000000000000000000e+00,8.551860241101886473e+00,7.368211836647058810e+00,-3.831830064864706031e+01,-2.336070348823529597e-01,-1.920408486343439247e-01
1.000000000000000000e+00,8.749221633019320876e+00,7.561945028132353031e+00,-3.835596955013235743e+01,-2.334540727941176452e-01,-1.920408486343439247e-01
1.000000000000000000e+00,8.946583024936753503e+00,7.755678219617647251e+00,-3.839363845161764743e+01,-2.333011107058823586e-01,-1.920408486343439247e-01
1.000000000000000000e+00,9.143944416854187907e+00,7.949411411102940583e+00,-3.843130735310294455e+01,-2.331481486176470719e-01,-1.920408486343439247e-01
1.000000000000000000e+00,9.341305808771622310e+00,8.143144602588234804e+00,-3.846897625458823455e+01,-2.329951865294117852e-01,-1.920408486343439247e-01
1.000000000000000000e+00,9.538667200689054937e+00,8.336877794073529913e+00,-3.850664515607353167e+01,-2.328422244411764708e-01,-1.920408486343439247e-01
1.000000000000000000e+00,9.736028592606489340e+00,8.530610985558823245e+00,-3.854431405755882878e+01,-2.326892623529411841e-01,-1.920408486343439247e-01
1.000000000000000000e+00,9.933389984523921967e+00,8.724344177044116577e+00,-3.858198295904411879e+01,-2.325363002647058974e-01,-1.920408486343439247e-01
1.000000000000000000e+00,1.013075137644135637e+01,8.918077368529411686e+00,-3.861965186052941590e+01,-2.323833381764706107e-01,-1.920408486343439247e-01
1.000000000000000000e+00,1.032811276835879077e+01,9.111810560014706795e+00,-3.865732076201470591e+01,-2.322303760882352963e-01,-1.920408486343439247e-01
2.000000000000000000e+00,1.052547416027622340e+01,9.305543751500000127e+00,-3.869498966350000302e+01,-2.320774140000000096e-01,1.882763481050604704e-01
2.000000000000000000e+00,1.072438832173046741e+01,9.499180406824999423e+00,-3.865809548607500545e+01,-2.054220390500000049e-01,1.882763481050604704e-01
2.000000000000000000e+00,1.092330248318471320e+01,9.692817062150000496e+00,-3.862120130865000078e+01,-1.787666641000000001e-01,1.882763481050604704e-01
2.000000000000000000e+00,1.112221664463895721e+01,9.886453717474999792e+00,-3.858430713122500322e+01,-1.521112891499999953e-01,1.882763481050604704e-01
2.000000000000000000e+00,1.132113080609320299e+01,1.008009037280000086e+01,-3.854741295380000565e+01,-1.254559142000000183e-01,1.882763481050604704e-01
2.000000000000000000e+00,1.152004496754744700e+01,1.027372702812500016e+01,-3.851051877637500098e+01,-9.880053925000001347e-02,1.882763481050604704e-01
2.000000000000000000e+00,1.171895912900169101e+01,1.046736368344999946e+01,-3.847362459895000342e+01,-7.214516429999998093e-02,1.882763481050604704e-01
2.000000000000000000e+00,1.191787329045593680e+01,1.066100033877500053e+01,-3.843673042152500585e+01,-4.548978935000000390e-02,1.882763481050604704e-01
2.000000000000000000e+00,1.211678745191018081e+01,1.085463699409999982e+01,-3.839983624410000118e+01,-1.883441439999999911e-02,1.882763481050604704e-01
2.000000000000000000e+00,1.231570161336442482e+01,1.104827364942500090e+01,-3.836294206667500362e+01,7.820960549999977918e-03,1.882763481050604704e-01
2.000000000000000000e+00,1.251461577481867060e+01,1.124191030475000019e+01,-3.832604788925000605e+01,3.447633549999998270e-02,1.882763481050604704e-01
2.000000000000000000e+00,1.271352993627291461e+01,1.143554696007500127e+01,-3.828915371182500138e+01,6.113171045000001524e-02,1.882763481050604704e-01
2.000000000000000000e+00,1.291244409772716040e+01,1.162918361540000056e+01,-3.825225953440000382e+01,8.778708540000004779e-02,1.882763481050604704e-01
2.000000000000000000e+00,1.311135825918140441e+01,1.182282027072499986e+01,-3.821536535697499914e+01,1.144424603499999693e-01,1.882763481050604704e-01
2.000000000000000000e+00,1.331027242063564842e+01,1.201645692605000093e+01,-3.817847117955000158e+01,1.410978353000000018e-01,1.882763481050604704e-01
2.000000000000000000e+00,1.350918658208989420e+01,1.221009358137500023e+01,-3.814157700212500401e+01,1.677532102499999789e-01,1.882763481050604704e-01
2.000000000000000000e+00,1.370810074354413821e+01,1.240373023669999952e+01,-3.810468282469999934e+01,1.944085852000000114e-01,1.882763481050604704e-01
2.000000000000000000e+00,1.390701490499838400e+01,1.259736689202500060e+01,-3.806778864727500178e+01,2.210639601500000440e-01,1.882763481050604704e-01
2.000000000000000000e+00,1.410592906645262801e+01,1.279100354734999989e+01,-3.803089446985000421e+01,2.477193350999999655e-01,1.882763481050604704e-01
2.000000000000000000e+00,1.430484322790687202e+01,1.298464020267500096e+01,-3.799400029242499954e+01,2.743747100500000258e-01,1.882763481050604704e-01
3.000000000000000000e+00,1.450375738936111780e+01,1.317827685800000026e+01,-3.795710611500000198e+01,3.010300850000000028e-01,2.466721728995438234e-01
3.000000000000000000e+00,1.470018154467705251e+01,1.336339806283999998e+01,-3.791049257378000448e+01,3.472876906999999846e-01,2.466721728995438234e-01
3.000000000000000000e+00,1.489660569999298723e+01,1.354851926767999970e+01,-3.786387903255999987e+01,3.935452964000000220e-01,2.466721728995438234e-01
3.000000000000000000e+00,1.509302985530892371e+01,1.373364047251999942e+01,-3.781726549134000237e+01,4.398029020999999483e-01,2.466721728995438234e-01
3.000000000000000000e+00,1.528945401062485843e+01,1.391876167735999914e+01,-3.777065195011999776e+01,4.860605077999999857e-01,2.466721728995438234e-01
3.000000000000000000e+00,1.548587816594079314e+01,1.410388288220000064e+01,-3.772403840890000026e+01,5.323181135000000230e-01,2.466721728995438234e-01
3.000000000000000000e+00,1.568230232125672785e+01,1.428900408704000036e+01,-3.767742486768000276e+01,5.785757191999999494e-01,2.466721728995438234e-01
3.000000000000000000e+00,1.587872647657266256e+01,1.447412529188000008e+01,-3.763081132645999816e+01,6.248333248999999867e-01,2.466721728995438234e-01
3.000000000000000000e+00,1.607515063188859727e+01,1.465924649671999980e+01,-3.758419778524000066e+01,6.710909305999999130e-01,2.466721728995438234e-01
3.000000000000000000e+00,1.627157478720453199e+01,1.484436770155999952e+01,-3.753758424401999605e+01,7.173485362999999504e-01,2.466721728995438234e-01
3.000000000000000000e+00,1.646799894252046670e+01,1.502948890639999924e+01,-3.749097070279999855e+01,7.636061419999999877e-01,2.466721728995438234e-01
3.000000000000000000e+00,1.666442309783640141e+01,1.521461011123999896e+01,-3.744435716158000105e+01,8.098637476999999141e-01,2.466721728995438234e-01
3.000000000000000000e+00,1.686084725315233612e+01,1.539973131608000045e+01,-3.739774362035999644e+01,8.561213533999998404e-01,2.466721728995438234e-01
3.000000000000000000e+00,1.705727140846827439e+01,1.558485252091999840e+01,-3.735113007913999894e+01,9.023789590999999888e-01,2.466721728995438234e-01
3.000000000000000000e+00,1.725369556378420910e+01,1.576997372575999989e+01,-3.730451653791999433e+01,9.486365648000001372e-01,2.466721728995438234e-01
3.000000000000000000e+00,1.745011971910014381e+01,1.595509493059999961e+01,-3.725790299669999683e+01,9.948941704999998414e-01,2.466721728995438234e-01
3.000000000000000000e+00,1.764654387441607852e+01,1.614021613543999933e+01,-3.721128945547999933e+01,1.041151776199999990e+00,2.466721728995438234e-01
3.000000000000000000e+00,1.784296802973201324e+01,1.632533734028000083e+01,-3.716467591425999473e+01,1.087409381899999916e+00,2.466721728995438234e-01
3.000000000000000000e+00,1.803939218504794795e+01,1.651045854511999877e+01,-3.711806237303999723e+01,1.133666987599999842e+00,2.466721728995438234e-01
3.000000000000000000e+00,1.823581634036388266e+01,1.669557974996000027e+01,-3.707144883181999262e+01,1.179924593299999991e+00,2.466721728995438234e-01
3.000000000000000000e+00,1.843224049567981737e+01,1.688070095479999821e+01,-3.702483529059999512e+01,1.226182198999999917e+00,2.466721728995438234e-01
3.000000000000000000e+00,1.862866465099575208e+01,1.706582215963999971e+01,-3.697822174937999762e+01,1.272439804699999844e+00,2.466721728995438234e-01
3.000000000000000000e+00,1.882508880631168680e+01,1.725094336447999765e+01,-3.693160820815999301e+01,1.318697410399999992e+00,2.466721728995438234e-01
3.000000000000000000e+00,1.902151296162762151e+01,1.743606456931999915e+01,-3.688499466693999551e+01,1.364955016100000140e+00,2.466721728995438234e-01
3.000000000000000000e+00,1.921793711694355977e+01,1.762118577415999710e+01,-3.683838112571999091e+01,1.411212621799999845e+00,2.466721728995438234e-01
4.000000000000000000e+00,1.941436127225949093e+01,1.780630697899999859e+01,-3.679176758449999340e+01,1.457470227499999993e+00,5.198754143286459239e-01
4.000000000000000000e+00,1.960986994977720599e+01,1.797388015034848507e+01,-3.669584930216665697e+01,1.488171340560606071e+00,5.198754143286459239e-01
4.000000000000000000e+00,1.980537862729492105e+01,1.814145332169696800e+01,-3.659993101983332764e+01,1.518872453621212149e+00,5.198754143286459239e-01
4.000000000000000000e+00,2.000088730481263610e+01,1.830902649304545449e+01,-3.650401273749999120e+01,1.549573566681818226e+00,5.198754143286459239e-01
4.000000000000000000e+00,2.019639598233035116e+01,1.847659966439393742e+01,-3.640809445516666187e+01,1.580274679742424304e+00,5.198754143286459239e-01
4.000000000000000000e+00,2.039190465984806622e+01,1.864417283574242390e+01,-3.631217617283332544e+01,1.610975792803030382e+00,5.198754143286459239e-01
4.000000000000000000e+00,2.058741333736578127e+01,1.881174600709090683e+01,-3.621625789049999611e+01,1.641676905863636460e+00,5.198754143286459239e-01
4.000000000000000000e+00,2.078292201488349633e+01,1.897931917843939331e+01,-3.612033960816665967e+01,1.672378018924242538e+00,5.198754143286459239e-01
4.000000000000000000e+00,2.097843069240121139e+01,1.914689234978787979e+01,-3.602442132583333034e+01,1.703079131984848615e+00,5.198754143286459239e-01
4.000000000000000000e+00,2.117393936991892645e+01,1.931446552113636272e+01,-3.592850304349999391e+01,1.733780245045454693e+00,5.198754143286459239e-01
4.000000000000000000e+00,2.136944804743664150e+01,1.948203869248484921e+01,-3.583258476116666458e+01,1.764481358106060771e+00,5.198754143286459239e-01
4.000000000000000000e+00,2.156495672495435656e+01,1.964961186383333214e+01,-3.573666647883332814e+01,1.795182471166666849e+00,5.198754143286459239e-01
4.000000000000000000e+00,2.176046540247207162e+01,1.981718503518181862e+01,-3.564074819649999171e+01,1.825883584227272927e+00,5.198754143286459239e-01
4.000000000000000000e+00,2.195597407998978667e+01,1.998475820653030155e+01,-3.554482991416666238e+01,1.856584697287878782e+00,5.198754143286459239e-01
4.000000000000000000e+00,2.215148275750750173e+01,2.015233137787878803e+01,-3.544891163183332594e+01,1.887285810348485082e+00,5.198754143286459239e-01
4.000000000000000000e+00,2.234699143502521679e+01,2.031990454922727452e+01,-3.535299334949999661e+01,1.917986923409091160e+00,5.198754143286459239e-01
4.000000000000000000e+00,2.254250011254292829e+01,2.048747772057575744e+01,-3.525707506716666018e+01,1.948688036469697238e+00,5.198754143286459239e-01
4.000000000000000000e+00,2.273800879006064335e+01,2.065505089192424393e+01,-3.516115678483333085e+01,1.979389149530303094e+00,5.198754143286459239e-01
4.000000000000000000e+00,2.293351746757835841e+01,2.082262406327272686e+01,-3.506523850249999441e+01,2.010090262590909393e+00,5.198754143286459239e-01
4.000000000000000000e+00,2.312902614509607346e+01,2.099019723462121334e+01,-3.496932022016666508e+01,2.040791375651515249e+00,5.198754143286459239e-01
4.000000000000000000e+00,2.332453482261378852e+01,2.115777040596969982e+01,-3.487340193783332865e+01,2.071492488712121549e+00,5.198754143286459239e-01
4.000000000000000000e+00,2.352004350013150358e+01,2.132534357731818275e+01,-3.477748365549999932e+01,2.102193601772727405e+00,5.198754143286459239e-01
4.000000000000000000e+00,2.371555217764921863e+01,2.149291674866666924e+01,-3.468156537316666288e+01,2.132894714833333705e+00,5.198754143286459239e-01
4.000000000000000000e+00,2.391106085516693369e+01,2.166048992001515217e+01,-3.458564709083332644e+01,2.163595827893939560e+00,5.198754143286459239e-01
4.000000000000000000e+00,2.410656953268464875e+01,2.182806309136363865e+01,-3.448972880849999711e+01,2.194296940954545860e+00,5.198754143286459239e-01
4.000000000000000000e+00,2.430207821020236381e+01,2.199563626271212513e+01,-3.439381052616666068e+01,2.224998054015151716e+00,5.198754143286459239e-01
4.000000000000000000e+00,2.449758688772007886e+01,2.216320943406060806e+01,-3.429789224383333135e+01,2.255699167075757572e+00,5.198754143286459239e-01
4.000000000000000000e+00,2.469309556523779392e+01,2.233078260540909099e+01,-3.420197396149999491e+01,2.286400280136363872e+00,5.198754143286459239e-01
4.000000000000000000e+00,2.488860424275550898e+01,2.249835577675757747e+01,-3.410605567916666558e+01,2.317101393196970172e+00,5.198754143286459239e-01
4.000000000000000000e+00,2.508411292027322403e+01,2.266592894810606396e+01,-3.401013739683332915e+01,2.347802506257576027e+00,5.198754143286459239e-01
4.000000000000000000e+00,2.527962159779093909e+01,2.283350211945455044e+01,-3.391421911449999982e+01,2.378503619318182327e+00,5.198754143286459239e-01
4.000000000000000000e+00,2.547513027530865415e+01,2.300107529080303337e+01,-3.381830083216666338e+01,2.409204732378788183e+00,5.198754143286459239e-01
4.000000000000000000e+00,2.567063895282636921e+01,2.316864846215151630e+01,-3.372238254983333405e+01,2.439905845439394483e+00,5.198754143286459239e-01
5.000000000000000000e+00,2.586614763034408426e+01,2.333622163350000278e+01,-3.362646426749999762e+01,2.470606958500000339e+00,1.579567965152779196e+00
5.000000000000000000e+00,2.605893250631351421e+01,2.333454344156000104e+01,-3.343514893615999739e+01,2.494305820680000174e+00,1.579567965152779196e+00
5.000000000000000000e+00,2.625171738228294060e+01,2.333286524962000286e+01,-3.324383360481999716e+01,2.518004682860000454e+00,1.579567965152779196e+00
5.000000000000000000e+00,2.644450225825237055e+01,2.333118705768000112e+01,-3.305251827347999694e+01,2.541703545040000289e+00,1.579567965152779196e+00
5.000000000000000000e+00,2.663728713422180050e+01,2.332950886574000293e+01,-3.286120294213999671e+01,2.565402407220000125e+00,1.579567965152779196e+00
5.000000000000000000e+00,2.683007201019122689e+01,2.332783067380000119e+01,-3.266988761079999648e+01,2.589101269400000405e+00,1.579567965152779196e+00
5.000000000000000000e+00,2.702285688616065684e+01,2.332615248186000301e+01,-3.247857227945999625e+01,2.612800131580000240e+00,1.579567965152779196e+00
5.000000000000000000e+00,2.721564176213008679e+01,2.332447428992000127e+01,-3.228725694811999603e+01,2.636498993760000076e+00,1.579567965152779196e+00
5.000000000000000000e+00,2.740842663809951674e+01,2.332279609798000308e+01,-3.209594161677999580e+01,2.660197855940000355e+00,1.579567965152779196e+00
5.000000000000000000e+00,2.760121151406894313e+01,2.332111790604000134e+01,-3.190462628543999912e+01,2.683896718120000191e+00,1.579567965152779196e+00
5.000000000000000000e+00,2.779399639003837308e+01,2.331943971409999961e+01,-3.171331095409999890e+01,2.707595580300000027e+00,1.579567965152779196e+00
5.000000000000000000e+00,2.798678126600780303e+01,2.331776152216000142e+01,-3.152199562275999867e+01,2.731294442480000306e+00,1.579567965152779196e+00
5.000000000000000000e+00,2.817956614197722942e+01,2.331608333021999968e+01,-3.133068029141999844e+01,2.754993304660000142e+00,1.579567965152779196e+00
5.000000000000000000e+00,2.837235101794665937e+01,2.331440513828000149e+01,-3.113936496007999821e+01,2.778692166839999977e+00,1.579567965152779196e+00
5.000000000000000000e+00,2.856513589391608932e+01,2.331272694633999976e+01,-3.094804962873999798e+01,2.802391029019999813e+00,1.579567965152779196e+00
5.000000000000000000e+00,2.875792076988551571e+01,2.331104875440000157e+01,-3.075673429739999776e+01,2.826089891200000093e+00,1.579567965152779196e+00
5.000000000000000000e+00,2.895070564585494566e+01,2.330937056245999983e+01,-3.056541896605999753e+01,2.849788753379999928e+00,1.579567965152779196e+00
5.000000000000000000e+00,2.914349052182437561e+01,2.330769237051999809e+01,-3.037410363471999730e+01,2.873487615560000208e+00,1.579567965152779196e+00
5.000000000000000000e+00,2.933627539779380555e+01,2.330601417857999991e+01,-3.018278830338000063e+01,2.897186477740000043e+00,1.579567965152779196e+00
5.000000000000000000e+00,2.952906027376323195e+01,2.330433598663999817e+01,-2.999147297204000040e+01,2.920885339919999879e+00,1.579567965152779196e+00
5.000000000000000000e+00,2.972184514973266189e+01,2.330265779469999998e+01,-2.980015764070000017e+01,2.944584202099999715e+00,1.579567965152779196e+00
5.000000000000000000e+00,2.991463002570209184e+01,2.330097960275999824e+01,-2.960884230935999994e+01,2.968283064279999994e+00,1.579567965152779196e+00
5.000000000000000000e+00,3.010741490167151824e+01,2.329930141082000006e+01,-2.941752697801999972e+01,2.991981926459999830e+00,1.579567965152779196e+00
5.000000000000000000e+00,3.030019977764094818e+01,2.329762321887999832e+01,-2.922621164667999949e+01,3.015680788640000110e+00,1.579567965152779196e+00
5.000000000000000000e+00,3.049298465361037813e+01,2.329594502694000013e+01,-2.903489631533999926e+01,3.039379650819999945e+00,1.579567965152779196e+00
6.000000000000000000e+00,3.068576952957980808e+01,2.329426683499999839e+01,-2.884358098399999903e+01,3.063078512999999781e+00,9.815370680010178095e-01
6.000000000000000000e+00,3.088030711893520319e+01,2.339832605534482468e+01,-2.868791634544827573e+01,3.115852300413792797e+00,9.815370680010178095e-01
6.000000000000000000e+00,3.107484470829059831e+01,2.350238527568965452e+01,-2.853225170689655243e+01,3.168626087827585813e+00,9.815370680010178095e-01
6.000000000000000000e+00,3.126938229764599342e+01,2.360644449603448081e+01,-2.837658706834482558e+01,3.221399875241379274e+00,9.815370680010178095e-01
6.000000000000000000e+00,3.146391988700139208e+01,2.371050371637931065e+01,-2.822092242979310228e+01,3.274173662655172290e+00,9.815370680010178095e-01
6.000000000000000000e+00,3.165845747635678720e+01,2.381456293672413693e+01,-2.806525779124137898e+01,3.326947450068965306e+00,9.815370680010178095e-01
6.000000000000000000e+00,3.185299506571218231e+01,2.391862215706896322e+01,-2.790959315268965568e+01,3.379721237482758323e+00,9.815370680010178095e-01
6.000000000000000000e+00,3.204753265506757742e+01,2.402268137741379306e+01,-2.775392851413792883e+01,3.432495024896551339e+00,9.815370680010178095e-01
6.000000000000000000e+00,3.224207024442297609e+01,2.412674059775861934e+01,-2.759826387558620553e+01,3.485268812310344799e+00,9.815370680010178095e-01
6.000000000000000000e+00,3.243660783377836765e+01,2.423079981810344563e+01,-2.744259923703448223e+01,3.538042599724137816e+00,9.815370680010178095e-01
6.000000000000000000e+00,3.263114542313376631e+01,2.433485903844827547e+01,-2.728693459848275893e+01,3.590816387137930832e+00,9.815370680010178095e-01
6.000000000000000000e+00,3.282568301248915787e+01,2.443891825879310176e+01,-2.713126995993103208e+01,3.643590174551723848e+00,9.815370680010178095e-01
6.000000000000000000e+00,3.302022060184455654e+01,2.454297747913793160e+01,-2.697560532137930878e+01,3.696363961965516864e+00,9.815370680010178095e-01
6.000000000000000000e+00,3.321475819119994810e+01,2.464703669948275788e+01,-2.681994068282758548e+01,3.749137749379310325e+00,9.815370680010178095e-01
6.000000000000000000e+00,3.340929578055534677e+01,2.475109591982758417e+01,-2.666427604427586218e+01,3.801911536793103341e+00,9.815370680010178095e-01
6.000000000000000000e+00,3.360383336991074543e+01,2.485515514017241401e+01,-2.650861140572413532e+01,3.854685324206896357e+00,9.815370680010178095e-01
6.000000000000000000e+00,3.379837095926613699e+01,2.495921436051724029e+01,-2.635294676717241202e+01,3.907459111620689374e+00,9.815370680010178095e-01
6.000000000000000000e+00,3.399290854862153566e+01,2.506327358086206658e+01,-2.619728212862068872e+01,3.960232899034482390e+00,9.815370680010178095e-01
6.000000000000000000e+00,3.418744613797692722e+01,2.516733280120689642e+01,-2.604161749006896542e+01,4.013006686448275850e+00,9.815370680010178095e-01
6.000000000000000000e+00,3.438198372733232588e+01,2.527139202155172271e+01,-2.588595285151723857e+01,4.065780473862068867e+00,9.815370680010178095e-01
6.000000000000000000e+00,3.457652131668771744e+01,2.537545124189655255e+01,-2.573028821296551527e+01,4.118554261275861883e+00,9.815370680010178095e-01
6.000000000000000000e+00,3.477105890604311611e+01,2.547951046224137883e+01,-2.557462357441379197e+01,4.171328048689654899e+00,9.815370680010178095e-01
6.000000000000000000e+00,3.496559649539851478e+01,2.558356968258620512e+01,-2.541895893586206867e+01,4.224101836103447916e+00,9.815370680010178095e-01
6.000000000000000000e+00,3.516013408475390634e+01,2.568762890293103496e+01,-2.526329429731034182e+01,4.276875623517241820e+00,9.815370680010178095e-01
6.000000000000000000e+00,3.535467167410930500e+01,2.579168812327586124e+01,-2.510762965875861852e+01,4.329649410931034836e+00,9.815370680010178095e-01
6.000000000000000000e+00,3.554920926346469656e+01,2.589574734362068753e+01,-2.495196502020689522e+01,4.382423198344827853e+00,9.815370680010178095e-01
6.000000000000000000e+00,3.574374685282009523e+01,2.599980656396551737e+01,-2.479630038165517192e+01,4.435196985758620869e+00,9.815370680010178095e-01
6.000000000000000000e+00,3.593828444217548679e+01,2.610386578431034366e+01,-2.464063574310344507e+01,4.487970773172413885e+00,9.815370680010178095e-01
6.000000000000000000e+00,3.613282203153088545e+01,2.620792500465517350e+01,-2.448497110455172177e+01,4.540744560586206902e+00,9.815370680010178095e-01
7.000000000000000000e+00,3.632735962088628412e+01,2.631198422499999978e+01,-2.432930646599999847e+01,4.593518347999999918e+00,9.292990716827376207e-01
7.000000000000000000e+00,3.652337161641360552e+01,2.642926052269697124e+01,-2.417228352899999777e+01,4.596800061727273068e+00,9.292990716827376207e-01
7.000000000000000000e+00,3.671938361194092693e+01,2.654653682039393914e+01,-2.401526059199999708e+01,4.600081775454545330e+00,9.292990716827376207e-01
7.000000000000000000e+00,3.691539560746824122e+01,2.666381311809091059e+01,-2.385823765499999993e+01,4.603363489181818480e+00,9.292990716827376207e-01
7.000000000000000000e+00,3.711140760299556263e+01,2.678108941578787849e+01,-2.370121471799999924e+01,4.606645202909090742e+00,9.292990716827376207e-01
7.000000000000000000e+00,3.730741959852288403e+01,2.689836571348484995e+01,-2.354419178099999854e+01,4.609926916636363892e+00,9.292990716827376207e-01
7.000000000000000000e+00,3.750343159405020543e+01,2.701564201118181785e+01,-2.338716884399999785e+01,4.613208630363636154e+00,9.292990716827376207e-01
7.000000000000000000e+00,3.769944358957751973e+01,2.713291830887878930e+01,-2.323014590699999715e+01,4.616490344090909304e+00,9.292990716827376207e-01
7.000000000000000000e+00,3.789545558510484113e+01,2.725019460657575721e+01,-2.307312296999999646e+01,4.619772057818181565e+00,9.292990716827376207e-01
7.000000000000000000e+00,3.809146758063216254e+01,2.736747090427272866e+01,-2.291610003299999931e+01,4.623053771545454715e+00,9.292990716827376207e-01
7.000000000000000000e+00,3.828747957615948394e+01,2.748474720196969656e+01,-2.275907709599999862e+01,4.626335485272726977e+00,9.292990716827376207e-01
7.000000000000000000e+00,3.848349157168679824e+01,2.760202349966666802e+01,-2.260205415899999792e+01,4.629617199000000127e+00,9.292990716827376207e-01
7.000000000000000000e+00,3.867950356721411964e+01,2.771929979736363592e+01,-2.244503122199999723e+01,4.632898912727273277e+00,9.292990716827376207e-01
7.000000000000000000e+00,3.887551556274144104e+01,2.783657609506060737e+01,-2.228800828499999653e+01,4.636180626454545539e+00,9.292990716827376207e-01
7.000000000000000000e+00,3.907152755826876245e+01,2.795385239275757527e+01,-2.213098534799999584e+01,4.639462340181818689e+00,9.292990716827376207e-01
7.000000000000000000e+00,3.926753955379608385e+01,2.807112869045454673e+01,-2.197396241099999870e+01,4.642744053909090951e+00,9.292990716827376207e-01
7.000000000000000000e+00,3.946355154932339815e+01,2.818840498815151463e+01,-2.181693947399999800e+01,4.646025767636364101e+00,9.292990716827376207e-01
7.000000000000000000e+00,3.965956354485071955e+01,2.830568128584848608e+01,-2.165991653699999731e+01,4.649307481363636363e+00,9.292990716827376207e-01
7.000000000000000000e+00,3.985557554037804096e+01,2.842295758354545399e+01,-2.150289359999999661e+01,4.652589195090909513e+00,9.292990716827376207e-01
7.000000000000000000e+00,4.005158753590536236e+01,2.854023388124242544e+01,-2.134587066299999591e+01,4.655870908818181775e+00,9.292990716827376207e-01
7.000000000000000000e+00,4.024759953143267666e+01,2.865751017893939334e+01,-2.118884772599999877e+01,4.659152622545454925e+00,9.292990716827376207e-01
7.000000000000000000e+00,4.044361152695999806e+01,2.877478647663636480e+01,-2.103182478899999808e+01,4.662434336272727187e+00,9.292990716827376207e-01
7.000000000000000000e+00,4.063962352248731946e+01,2.889206277433333270e+01,-2.087480185199999738e+01,4.665716050000000337e+00,9.292990716827376207e-01
7.000000000000000000e+00,4.083563551801464087e+01,2.900933907203030415e+01,-2.071777891499999669e+01,4.668997763727273487e+00,9.292990716827376207e-01
7.000000000000000000e+00,4.103164751354195516e+01,2.912661536972727205e+01,-2.056075597799999599e+01,4.672279477454545749e+00,9.292990716827376207e-01
7.000000000000000000e+00,4.122765950906927657e+01,2.924389166742424351e+01,-2.040373304099999530e+01,4.675561191181818899e+00,9.292990716827376207e-01
7.000000000000000000e+00,4.142367150459659797e+01,2.936116796512121141e+01,-2.024671010399999815e+01,4.678842904909091160e+00,9.292990716827376207e-01
7.000000000000000000e+00,4.161968350012391937e+01,2.947844426281818286e+01,-2.008968716699999746e+01,4.682124618636364310e+00,9.292990716827376207e-01
7.000000000000000000e+00,4.181569549565124078e+01,2.959572056051515432e+01,-1.993266422999999676e+01,4.685406332363636572e+00,9.292990716827376207e-01
7.000000000000000000e+00,4.201170749117855507e+01,2.971299685821212222e+01,-1.977564129299999607e+01,4.688688046090909722e+00,9.292990716827376207e-01
7.000000000000000000e+00,4.220771948670587648e+01,2.983027315590909012e+01,-1.961861835599999537e+01,4.691969759818181984e+00,9.292990716827376207e-01
7.000000000000000000e+00,4.240373148223319788e+01,2.994754945360606158e+01,-1.946159541899999823e+01,4.695251473545455134e+00,9.292990716827376207e-01
7.000000000000000000e+00,4.259974347776051928e+01,3.006482575130303303e+01,-1.930457248199999754e+01,4.698533187272727396e+00,9.292990716827376207e-01
8.000000000000000000e+00,4.279575547328783358e+01,3.018210204900000093e+01,-1.914754954499999684e+01,4.701814901000000546e+00,5.790458042492665491e-01
8.000000000000000000e+00,4.299433682237315679e+01,3.034797134526785811e+01,-1.903910328346428216e+01,4.714516755946428717e+00,5.790458042492665491e-01
8.000000000000000000e+00,4.319291817145848000e+01,3.051384064153571529e+01,-1.893065702192856747e+01,4.727218610892857775e+00,5.790458042492665491e-01
8.000000000000000000e+00,4.339149952054380321e+01,3.067970993780357247e+01,-1.882221076039285279e+01,4.739920465839285946e+00,5.790458042492665491e-01
8.000000000000000000e+00,4.359008086962912643e+01,3.084557923407142965e+01,-1.871376449885714166e+01,4.752622320785715004e+00,5.790458042492665491e-01
8.000000000000000000e+00,4.378866221871444964e+01,3.101144853033928683e+01,-1.860531823732142698e+01,4.765324175732143175e+00,5.790458042492665491e-01
8.000000000000000000e+00,4.398724356779976574e+01,3.117731782660714401e+01,-1.849687197578571229e+01,4.778026030678572234e+00,5.790458042492665491e-01
8.000000000000000000e+00,4.418582491688508895e+01,3.134318712287500119e+01,-1.838842571424999761e+01,4.790727885625000404e+00,5.790458042492665491e-01
8.000000000000000000e+00,4.438440626597041216e+01,3.150905641914285482e+01,-1.827997945271428293e+01,4.803429740571428574e+00,5.790458042492665491e-01
8.000000000000000000e+00,4.458298761505573538e+01,3.167492571541071200e+01,-1.817153319117856825e+01,4.816131595517857633e+00,5.790458042492665491e-01
8.000000000000000000e+00,4.478156896414105859e+01,3.184079501167856918e+01,-1.806308692964285711e+01,4.828833450464285804e+00,5.790458042492665491e-01
8.000000000000000000e+00,4.498015031322638180e+01,3.200666430794642991e+01,-1.795464066810714243e+01,4.841535305410714862e+00,5.790458042492665491e-01
8.000000000000000000e+00,4.517873166231170501e+01,3.217253360421428710e+01,-1.784619440657142775e+01,4.854237160357143033e+00,5.790458042492665491e-01
8.000000000000000000e+00,4.537731301139702822e+01,3.233840290048213717e+01,-1.773774814503571307e+01,4.866939015303572091e+00,5.790458042492665491e-01
8.000000000000000000e+00,4.557589436048235143e+01,3.250427219674999435e+01,-1.762930188349999838e+01,4.879640870250000262e+00,5.790458042492665491e-01
8.000000000000000000e+00,4.577447570956767464e+01,3.267014149301785153e+01,-1.752085562196428370e+01,4.892342725196428432e+00,5.790458042492665491e-01
8.000000000000000000e+00,4.597305705865299785e+01,3.283601078928570871e+01,-1.741240936042856902e+01,4.905044580142857491e+00,5.790458042492665491e-01
8.000000000000000000e+00,4.617163840773831396e+01,3.300188008555356589e+01,-1.730396309889285789e+01,4.917746435089285661e+00,5.790458042492665491e-01
8.000000000000000000e+00,4.637021975682363717e+01,3.316774938182142307e+01,-1.719551683735714320e+01,4.930448290035714720e+00,5.790458042492665491e-01
8.000000000000000000e+00,4.656880110590896038e+01,3.333361867808928025e+01,-1.708707057582142852e+01,4.943150144982142891e+00,5.790458042492665491e-01
8.000000000000000000e+00,4.676738245499428359e+01,3.349948797435713743e+01,-1.697862431428571384e+01,4.955851999928571949e+00,5.790458042492665491e-01
8.000000000000000000e+00,4.696596380407960680e+01,3.366535727062499461e+01,-1.687017805274999915e+01,4.968553854875000120e+00,5.790458042492665491e-01
8.000000000000000000e+00,4.716454515316493001e+01,3.383122656689285179e+01,-1.676173179121428447e+01,4.981255709821428290e+00,5.790458042492665491e-01
8.000000000000000000e+00,4.736312650225025322e+01,3.399709586316070897e+01,-1.665328552967856979e+01,4.993957564767857349e+00,5.790458042492665491e-01
8.000000000000000000e+00,4.756170785133557644e+01,3.416296515942856615e+01,-1.654483926814285866e+01,5.006659419714285519e+00,5.790458042492665491e-01
8.000000000000000000e+00,4.776028920042089965e+01,3.432883445569642333e+01,-1.643639300660714397e+01,5.019361274660714578e+00,5.790458042492665491e-01
8.000000000000000000e+00,4.795887054950622286e+01,3.449470375196428051e+01,-1.632794674507142929e+01,5.032063129607142749e+00,5.790458042492665491e-01
8.000000000000000000e+00,4.815745189859153896e+01,3.466057304823213769e+01,-1.621950048353571461e+01,5.044764984553571807e+00,5.790458042492665491e-01
9.000000000000000000e+00,4.835603324767686217e+01,3.482644234449999487e+01,-1.611105422199999992e+01,5.057466839499999978e+00,8.764197018473104395e-01
9.000000000000000000e+00,4.855282009680498589e+01,3.495228050880999149e+01,-1.595993733335999920e+01,5.064781643709999948e+00,8.764197018473104395e-01
9.000000000000000000e+00,4.874960694593310961e+01,3.507811867311999521e+01,-1.580882044472000025e+01,5.072096447919999918e+00,8.764197018473104395e-01
9.000000000000000000e+00,4.894639379506124044e+01,3.520395683742999893e+01,-1.565770355607999953e+01,5.079411252129999887e+00,8.764197018473104395e-01
9.000000000000000000e+00,4.914318064418936416e+01,3.532979500173999554e+01,-1.550658666744000058e+01,5.086726056339999857e+00,8.764197018473104395e-01
9.000000000000000000e+00,4.933996749331748788e+01,3.545563316604999216e+01,-1.535546977879999986e+01,5.094040860549999827e+00,8.764197018473104395e-01
9.000000000000000000e+00,4.953675434244561160e+01,3.558147133035999587e+01,-1.520435289015999913e+01,5.101355664759999797e+00,8.764197018473104395e-01
9.000000000000000000e+00,4.973354119157373532e+01,3.570730949466999959e+01,-1.505323600152000019e+01,5.108670468969999767e+00,8.764197018473104395e-01
9.000000000000000000e+00,4.993032804070185904e+01,3.583314765897999621e+01,-1.490211911287999946e+01,5.115985273179999737e+00,8.764197018473104395e-01
9.000000000000000000e+00,5.012711488982998276e+01,3.595898582328999282e+01,-1.475100222424000052e+01,5.123300077389999707e+00,8.764197018473104395e-01
9.000000000000000000e+00,5.032390173895811358e+01,3.608482398759999654e+01,-1.459988533559999979e+01,5.130614881599999677e+00,8.764197018473104395e-01
9.000000000000000000e+00,5.052068858808623730e+01,3.621066215191000026e+01,-1.444876844695999907e+01,5.137929685809999647e+00,8.764197018473104395e-01
9.000000000000000000e+00,5.071747543721436102e+01,3.633650031621999688e+01,-1.429765155832000012e+01,5.145244490019999617e+00,8.764197018473104395e-01
9.000000000000000000e+00,5.091426228634248474e+01,3.646233848052999349e+01,-1.414653466967999940e+01,5.152559294230000475e+00,8.764197018473104395e-01
9.000000000000000000e+00,5.111104913547060846e+01,3.658817664483999721e+01,-1.399541778104000045e+01,5.159874098440000445e+00,8.764197018473104395e-01
9.000000000000000000e+00,5.130783598459873218e+01,3.671401480915000093e+01,-1.384430089239999973e+01,5.167188902650000415e+00,8.764197018473104395e-01
9.000000000000000000e+00,5.150462283372686301e+01,3.683985297345999754e+01,-1.369318400375999900e+01,5.174503706860000385e+00,8.764197018473104395e-01
9.000000000000000000e+00,5.170140968285498673e+01,3.696569113776999416e+01,-1.354206711512000005e+01,5.181818511070000355e+00,8.764197018473104395e-01
9.000000000000000000e+00,5.189819653198311045e+01,3.709152930207999788e+01,-1.339095022647999933e+01,5.189133315280000325e+00,8.764197018473104395e-01
9.000000000000000000e+00,5.209498338111123417e+01,3.721736746639000160e+01,-1.323983333784000038e+01,5.196448119490000295e+00,8.764197018473104395e-01
9.000000000000000000e+00,5.229177023023935789e+01,3.734320563069999821e+01,-1.308871644919999966e+01,5.203762923700000265e+00,8.764197018473104395e-01
9.000000000000000000e+00,5.248855707936748161e+01,3.746904379500999482e+01,-1.293759956055999893e+01,5.211077727910000235e+00,8.764197018473104395e-01
9.000000000000000000e+00,5.268534392849561243e+01,3.759488195931999854e+01,-1.278648267191999999e+01,5.218392532120000205e+00,8.764197018473104395e-01
9.000000000000000000e+00,5.288213077762373615e+01,3.772072012363000226e+01,-1.263536578327999926e+01,5.225707336330000174e+00,8.764197018473104395e-01
9.000000000000000000e+00,5.307891762675185987e+01,3.784655828793999888e+01,-1.248424889464000032e+01,5.233022140540000144e+00,8.764197018473104395e-01
9.000000000000000000e+00,5.327570447587998359e+01,3.797239645224999549e+01,-1.233313200599999959e+01,5.240336944750000114e+00,8.764197018473104395e-01
9.000000000000000000e+00,5.347249132500810731e+01,3.809823461655999921e+01,-1.218201511735999887e+01,5.247651748960000084e+00,8.764197018473104395e-01
9.000000000000000000e+00,5.366927817413623814e+01,3.822407278087000293e+01,-1.203089822871999814e+01,5.254966553170000054e+00,8.764197018473104395e-01
9.000000000000000000e+00,5.386606502326436186e+01,3.834991094517999954e+01,-1.187978134007999920e+01,5.262281357380000024e+00,8.764197018473104395e-01
9.000000000000000000e+00,5.406285187239248557e+01,3.847574910948999616e+01,-1.172866445144000025e+01,5.269596161589999994e+00,8.764197018473104395e-01
9.000000000000000000e+00,5.425963872152060929e+01,3.860158727379999988e+01,-1.157754756279999953e+01,5.276910965799999964e+00,8.764197018473104395e-01
9.000000000000000000e+00,5.445642557064873301e+01,3.872742543811000360e+01,-1.142643067415999880e+01,5.284225770009999934e+00,8.764197018473104395e-01
9.000000000000000000e+00,5.465321241977685673e+01,3.885326360242000021e+01,-1.127531378551999808e+01,5.291540574219999904e+00,8.764197018473104395e-01
9.000000000000000000e+00,5.484999926890498045e+01,3.897910176672999683e+01,-1.112419689687999913e+01,5.298855378429999874e+00,8.764197018473104395e-01
9.000000000000000000e+00,5.504678611803311128e+01,3.910493993104000054e+01,-1.097308000824000018e+01,5.306170182639999844e+00,8.764197018473104395e-01
9.000000000000000000e+00,5.524357296716123500e+01,3.923077809535000426e+01,-1.082196311959999946e+01,5.313484986849999814e+00,8.764197018473104395e-01
9.000000000000000000e+00,5.544035981628935872e+01,3.935661625966000088e+01,-1.067084623095999873e+01,5.320799791059999784e+00,8.764197018473104395e-01
9.000000000000000000e+00,5.563714666541748244e+01,3.948245442396999749e+01,-1.051972934231999979e+01,5.328114595269999754e+00,8.764197018473104395e-01
9.000000000000000000e+00,5.583393351454560616e+01,3.960829258828000121e+01,-1.036861245367999906e+01,5.335429399480000612e+00,8.764197018473104395e-01
9.000000000000000000e+00,5.603072036367372988e+01,3.973413075259000493e+01,-1.021749556504000012e+01,5.342744203690000582e+00,8.764197018473104395e-01
9.000000000000000000e+00,5.622750721280185360e+01,3.985996891690000155e+01,-1.006637867639999939e+01,5.350059007900000552e+00,8.764197018473104395e-01
9.000000000000000000e+00,5.642429406192998442e+01,3.998580708120999816e+01,-9.915261787759998668e+00,5.357373812110000522e+00,8.764197018473104395e-01
9.000000000000000000e+00,5.662108091105810814e+01,4.011164524552000188e+01,-9.764144899119999721e+00,5.364688616320000492e+00,8.764197018473104395e-01
9.000000000000000000e+00,5.681786776018623186e+01,4.023748340983000560e+01,-9.613028010480000773e+00,5.372003420530000461e+00,8.764197018473104395e-01
9.000000000000000000e+00,5.701465460931435558e+01,4.036332157414000221e+01,-9.461911121840000050e+00,5.379318224740000431e+00,8.764197018473104395e-01
9.000000000000000000e+00,5.721144145844247930e+01,4.048915973844999883e+01,-9.310794233199999326e+00,5.386633028950000401e+00,8.764197018473104395e-01
9.000000000000000000e+00,5.740822830757061013e+01,4.061499790276000255e+01,-9.159677344559998602e+00,5.393947833160000371e+00,8.764197018473104395e-01
9.000000000000000000e+00,5.760501515669873385e+01,4.074083606707000627e+01,-9.008560455919997878e+00,5.401262637370000341e+00,8.764197018473104395e-01
9.000000000000000000e+00,5.780180200582685757e+01,4.086667423138000288e+01,-8.857443567280000707e+00,5.408577441580000311e+00,8.764197018473104395e-01
9.000000000000000000e+00,5.799858885495498129e+01,4.099251239568999949e+01,-8.706326678639999983e+00,5.415892245790000281e+00,8.764197018473104395e-01
1.000000000000000000e+01,5.819537570408310501e+01,4.111835056000000321e+01,-8.555209789999999259e+00,5.423207050000000251e+00,6.586619891044058761e-01
1.000000000000000000e+01,5.838289695486878372e+01,4.126663371273333780e+01,-8.440444088266666256e+00,5.420935526866666798e+00,6.586619891044058761e-01
1.000000000000000000e+01,5.857041820565446955e+01,4.141491686546667239e+01,-8.325678386533333253e+00,5.418664003733333345e+00,6.586619891044058761e-01
1.000000000000000000e+01,5.875793945644014826e+01,4.156320001819999987e+01,-8.210912684800000250e+00,5.416392480599999892e+00,6.586619891044058761e-01
1.000000000000000000e+01,5.894546070722583408e+01,4.171148317093333446e+01,-8.096146983066665470e+00,5.414120957466667328e+00,6.586619891044058761e-01
1.000000000000000000e+01,5.913298195801151280e+01,4.185976632366666905e+01,-7.981381281333332467e+00,5.411849434333333875e+00,6.586619891044058761e-01
1.000000000000000000e+01,5.932050320879719862e+01,4.200804947640000364e+01,-7.866615579599999464e+00,5.409577911200000422e+00,6.586619891044058761e-01
1.000000000000000000e+01,5.950802445958287734e+01,4.215633262913333823e+01,-7.751849877866666461e+00,5.407306388066666969e+00,6.586619891044058761e-01
1.000000000000000000e+01,5.969554571036856316e+01,4.230461578186666571e+01,-7.637084176133332569e+00,5.405034864933333516e+00,6.586619891044058761e-01
1.000000000000000000e+01,5.988306696115424188e+01,4.245289893460000030e+01,-7.522318474399999566e+00,5.402763341800000063e+00,6.586619891044058761e-01
1.000000000000000000e+01,6.007058821193992770e+01,4.260118208733333489e+01,-7.407552772666666563e+00,5.400491818666666610e+00,6.586619891044058761e-01
1.000000000000000000e+01,6.025810946272560642e+01,4.274946524006666948e+01,-7.292787070933332672e+00,5.398220295533333157e+00,6.586619891044058761e-01
1.000000000000000000e+01,6.044563071351129224e+01,4.289774839280000407e+01,-7.178021369199999668e+00,5.395948772400000593e+00,6.586619891044058761e-01
1.000000000000000000e+01,6.063315196429697096e+01,4.304603154553333155e+01,-7.063255667466666665e+00,5.393677249266667140e+00,6.586619891044058761e-01
1.000000000000000000e+01,6.082067321508265678e+01,4.319431469826666614e+01,-6.948489965733332774e+00,5.391405726133333687e+00,6.586619891044058761e-01
1.100000000000000000e+01,6.100819446586833550e+01,4.334259785100000073e+01,-6.833724263999999771e+00,5.389134203000000234e+00,1.025611727288431585e-01
1.100000000000000000e+01,6.120767943255827248e+01,4.354102761805263100e+01,-6.813301416210526540e+00,5.387464840578947367e+00,1.025611727288431585e-01
1.100000000000000000e+01,6.140716439924821657e+01,4.373945738510526127e+01,-6.792878568421052421e+00,5.385795478157895388e+00,1.025611727288431585e-01
1.100000000000000000e+01,6.160664936593815355e+01,4.393788715215789153e+01,-6.772455720631579190e+00,5.384126115736842522e+00,1.025611727288431585e-01
1.100000000000000000e+01,6.180613433262809764e+01,4.413631691921052891e+01,-6.752032872842105071e+00,5.382456753315789655e+00,1.025611727288431585e-01
1.100000000000000000e+01,6.200561929931803462e+01,4.433474668626315918e+01,-6.731610025052631840e+00,5.380787390894736788e+00,1.025611727288431585e-01
1.100000000000000000e+01,6.220510426600797160e+01,4.453317645331578944e+01,-6.711187177263157722e+00,5.379118028473684809e+00,1.025611727288431585e-01
1.100000000000000000e+01,6.240458923269791569e+01,4.473160622036841971e+01,-6.690764329473684491e+00,5.377448666052631943e+00,1.025611727288431585e-01
1.100000000000000000e+01,6.260407419938785267e+01,4.493003598742104998e+01,-6.670341481684210372e+00,5.375779303631579076e+00,1.025611727288431585e-01
1.100000000000000000e+01,6.280355916607779676e+01,4.512846575447368025e+01,-6.649918633894737141e+00,5.374109941210526209e+00,1.025611727288431585e-01
1.100000000000000000e+01,6.300304413276773374e+01,4.532689552152631762e+01,-6.629495786105263022e+00,5.372440578789474230e+00,1.025611727288431585e-01
1.100000000000000000e+01,6.320252909945767072e+01,4.552532528857894789e+01,-6.609072938315789791e+00,5.370771216368421364e+00,1.025611727288431585e-01
1.100000000000000000e+01,6.340201406614761481e+01,4.572375505563157816e+01,-6.588650090526315672e+00,5.369101853947368497e+00,1.025611727288431585e-01
1.100000000000000000e+01,6.360149903283755179e+01,4.592218482268420843e+01,-6.568227242736842442e+00,5.367432491526315630e+00,1.025611727288431585e-01
1.100000000000000000e+01,6.380098399952749588e+01,4.612061458973683870e+01,-6.547804394947368323e+00,5.365763129105263651e+00,1.025611727288431585e-01
1.100000000000000000e+01,6.400046896621742576e+01,4.631904435678946896e+01,-6.527381547157895092e+00,5.364093766684210784e+00,1.025611727288431585e-01
1.100000000000000000e+01,6.419995393290737695e+01,4.651747412384210634e+01,-6.506958699368420973e+00,5.362424404263157918e+00,1.025611727288431585e-01
1.100000000000000000e+01,6.439943889959731393e+01,4.671590389089473661e+01,-6.486535851578947742e+00,5.360755041842105051e+00,1.025611727288431585e-01
1.100000000000000000e+01,6.459892386628725092e+01,4.691433365794736687e+01,-6.466113003789473623e+00,5.359085679421053072e+00,1.025611727288431585e-01
1.200000000000000000e+01,6.479840883297718790e+01,4.711276342499999714e+01,-6.445690156000000393e+00,5.357416317000000205e+00,-1.462707437048912096e-01
1.200000000000000000e+01,6.499389817349931775e+01,4.730615467373333161e+01,-6.474181117466667246e+00,5.355373699600000315e+00,-1.462707437048912096e-01
1.200000000000000000e+01,6.518938751402144760e+01,4.749954592246666607e+01,-6.502672078933333211e+00,5.353331082200000424e+00,-1.462707437048912096e-01
1.200000000000000000e+01,6.538487685454356324e+01,4.769293717120000053e+01,-6.531163040400000064e+00,5.351288464800000533e+00,-1.462707437048912096e-01
1.200000000000000000e+01,6.558036619506569309e+01,4.788632841993332789e+01,-6.559654001866666917e+00,5.349245847399999754e+00,-1.462707437048912096e-01
1.200000000000000000e+01,6.577585553558782294e+01,4.807971966866666236e+01,-6.588144963333333770e+00,5.347203229999999863e+00,-1.462707437048912096e-01
1.200000000000000000e+01,6.597134487610995279e+01,4.827311091739999682e+01,-6.616635924799999735e+00,5.345160612599999972e+00,-1.462707437048912096e-01
1.200000000000000000e+01,6.616683421663206843e+01,4.846650216613333129e+01,-6.645126886266666588e+00,5.343117995200000081e+00,-1.462707437048912096e-01
1.200000000000000000e+01,6.636232355715419828e+01,4.865989341486666575e+01,-6.673617847733333441e+00,5.341075377800000190e+00,-1.462707437048912096e-01
1.200000000000000000e+01,6.655781289767632813e+01,4.885328466360000021e+01,-6.702108809200000294e+00,5.339032760400000299e+00,-1.462707437048912096e-01
1.200000000000000000e+01,6.675330223819845799e+01,4.904667591233333468e+01,-6.730599770666666259e+00,5.336990143000000408e+00,-1.462707437048912096e-01
1.200000000000000000e+01,6.694879157872057363e+01,4.924006716106666204e+01,-6.759090732133333113e+00,5.334947525600000517e+00,-1.462707437048912096e-01
1.200000000000000000e+01,6.714428091924270348e+01,4.943345840979999650e+01,-6.787581693599999966e+00,5.332904908199999738e+00,-1.462707437048912096e-01
1.200000000000000000e+01,6.733977025976483333e+01,4.962684965853333097e+01,-6.816072655066666819e+00,5.330862290799999847e+00,-1.462707437048912096e-01
1.200000000000000000e+01,6.753525960028696318e+01,4.982024090726666543e+01,-6.844563616533332784e+00,5.328819673399999957e+00,-1.462707437048912096e-01
1.300000000000000000e+01,6.773074894080907882e+01,5.001363215599999990e+01,-6.873054577999999637e+00,5.326777056000000066e+00,-7.325906280126454062e-01
1.300000000000000000e+01,6.791964829796727088e+01,5.015406751777777572e+01,-6.999389356583333388e+00,5.326144586694444349e+00,-7.325906280126454062e-01
1.300000000000000000e+01,6.810854765512546294e+01,5.029450287955555865e+01,-7.125724135166666251e+00,5.325512117388888633e+00,-7.325906280126454062e-01
1.300000000000000000e+01,6.829744701228365500e+01,5.043493824133333447e+01,-7.252058913750000002e+00,5.324879648083333805e+00,-7.325906280126454062e-01
1.300000000000000000e+01,6.848634636944184706e+01,5.057537360311111030e+01,-7.378393692333332865e+00,5.324247178777778089e+00,-7.325906280126454062e-01
1.300000000000000000e+01,6.867524572660002491e+01,5.071580896488888612e+01,-7.504728470916666616e+00,5.323614709472222373e+00,-7.325906280126454062e-01
1.300000000000000000e+01,6.886414508375821697e+01,5.085624432666666905e+01,-7.631063249499999479e+00,5.322982240166666656e+00,-7.325906280126454062e-01
1.300000000000000000e+01,6.905304444091640903e+01,5.099667968844444488e+01,-7.757398028083333230e+00,5.322349770861110940e+00,-7.325906280126454062e-01
1.300000000000000000e+01,6.924194379807460109e+01,5.113711505022222070e+01,-7.883732806666666093e+00,5.321717301555555224e+00,-7.325906280126454062e-01
1.300000000000000000e+01,6.943084315523279315e+01,5.127755041199999653e+01,-8.010067585249998956e+00,5.321084832249999508e+00,-7.325906280126454062e-01
1.300000000000000000e+01,6.961974251239098521e+01,5.141798577377777946e+01,-8.136402363833333595e+00,5.320452362944444680e+00,-7.325906280126454062e-01
1.300000000000000000e+01,6.980864186954917727e+01,5.155842113555555528e+01,-8.262737142416666458e+00,5.319819893638888963e+00,-7.325906280126454062e-01
1.300000000000000000e+01,6.999754122670736933e+01,5.169885649733333111e+01,-8.389071920999999321e+00,5.319187424333333247e+00,-7.325906280126454062e-01
1.300000000000000000e+01,7.018644058386556139e+01,5.183929185911111404e+01,-8.515406699583333960e+00,5.318554955027777531e+00,-7.325906280126454062e-01
1.300000000000000000e+01,7.037533994102375345e+01,5.197972722088888986e+01,-8.641741478166666823e+00,5.317922485722221815e+00,-7.325906280126454062e-01
1.300000000000000000e+01,7.056423929818194551e+01,5.212016258266666568e+01,-8.768076256749999686e+00,5.317290016416666987e+00,-7.325906280126454062e-01
1.300000000000000000e+01,7.075313865534012336e+01,5.226059794444444151e+01,-8.894411035333334326e+00,5.316657547111111271e+00,-7.325906280126454062e-01
1.300000000000000000e+01,7.094203801249831542e+01,5.240103330622222444e+01,-9.020745813916667188e+00,5.316025077805555554e+00,-7.325906280126454062e-01
1.400000000000000000e+01,7.113093736965650749e+01,5.254146866800000026e+01,-9.147080592500000051e+00,5.315392608499999838e+00,-7.112515464085886752e-01
1.400000000000000000e+01,7.132040969737549574e+01,5.268490506274999774e+01,-9.270680764541666008e+00,5.308409693375000238e+00,-7.112515464085886752e-01
1.400000000000000000e+01,7.150988202509448399e+01,5.282834145750000232e+01,-9.394280936583333741e+00,5.301426778249999749e+00,-7.112515464085886752e-01
1.400000000000000000e+01,7.169935435281345804e+01,5.297177785224999980e+01,-9.517881108624999698e+00,5.294443863125000149e+00,-7.112515464085886752e-01
1.400000000000000000e+01,7.188882668053244629e+01,5.311521424699999727e+01,-9.641481280666667431e+00,5.287460947999999661e+00,-7.112515464085886752e-01
1.400000000000000000e+01,7.207829900825143454e+01,5.325865064175000185e+01,-9.765081452708333387e+00,5.280478032875000061e+00,-7.112515464085886752e-01
1.400000000000000000e+01,7.226777133597042280e+01,5.340208703649999933e+01,-9.888681624749999344e+00,5.273495117750000460e+00,-7.112515464085886752e-01
1.400000000000000000e+01,7.245724366368939684e+01,5.354552343124999680e+01,-1.001228179679166708e+01,5.266512202624999972e+00,-7.112515464085886752e-01
1.400000000000000000e+01,7.264671599140838509e+01,5.368895982600000139e+01,-1.013588196883333303e+01,5.259529287500000372e+00,-7.112515464085886752e-01
1.400000000000000000e+01,7.283618831912737335e+01,5.383239622074999886e+01,-1.025948214087500077e+01,5.252546372374999883e+00,-7.112515464085886752e-01
1.400000000000000000e+01,7.302566064684636160e+01,5.397583261549999634e+01,-1.038308231291666672e+01,5.245563457250000283e+00,-7.112515464085886752e-01
1.400000000000000000e+01,7.321513297456533564e+01,5.411926901025000092e+01,-1.050668248495833268e+01,5.238580542124999795e+00,-7.112515464085886752e-01
1.500000000000000000e+01,7.340460530228432390e+01,5.426270540499999839e+01,-1.063028265700000041e+01,5.231597627000000195e+00,-1.248057840566379140e+00
1.500000000000000000e+01,7.356948877492834526e+01,5.431443003359999722e+01,-1.078494704860000120e+01,5.207306716799999791e+00,-1.248057840566379140e+00
1.500000000000000000e+01,7.373437224757236663e+01,5.436615466219999604e+01,-1.093961144020000020e+01,5.183015806600000275e+00,-1.248057840566379140e+00
1.500000000000000000e+01,7.389925572021637379e+01,5.441787929080000197e+01,-1.109427583180000099e+01,5.158724896399999871e+00,-1.248057840566379140e+00
1.500000000000000000e+01,7.406413919286039516e+01,5.446960391940000079e+01,-1.124894022339999999e+01,5.134433986200000355e+00,-1.248057840566379140e+00
1.600000000000000000e+01,7.422902266550441652e+01,5.452132854799999961e+01,-1.140360461500000078e+01,5.110143075999999951e+00,-2.127619004604020869e+00
1.600000000000000000e+01,7.442554174195556982e+01,5.441747205361905060e+01,-1.157043375390476214e+01,5.108872487000000184e+00,-2.127619004604020869e+00
1.600000000000000000e+01,7.462206081840670890e+01,5.431361555923809448e+01,-1.173726289280952528e+01,5.107601898000000418e+00,-2.127619004604020869e+00
1.600000000000000000e+01,7.481857989485786220e+01,5.420975906485714546e+01,-1.190409203171428665e+01,5.106331308999999763e+00,-2.127619004604020869e+00
1.600000000000000000e+01,7.501509897130900129e+01,5.410590257047618934e+01,-1.207092117061904801e+01,5.105060719999999996e+00,-2.127619004604020869e+00
1.600000000000000000e+01,7.521161804776015458e+01,5.400204607609524032e+01,-1.223775030952380938e+01,5.103790131000000230e+00,-2.127619004604020869e+00
1.600000000000000000e+01,7.540813712421130788e+01,5.389818958171428420e+01,-1.240457944842857252e+01,5.102519542000000463e+00,-2.127619004604020869e+00
1.600000000000000000e+01,7.560465620066244696e+01,5.379433308733333519e+01,-1.257140858733333388e+01,5.101248952999999808e+00,-2.127619004604020869e+00
1.600000000000000000e+01,7.580117527711360026e+01,5.369047659295237906e+01,-1.273823772623809525e+01,5.099978364000000042e+00,-2.127619004604020869e+00
1.600000000000000000e+01,7.599769435356475356e+01,5.358662009857143005e+01,-1.290506686514285661e+01,5.098707775000000275e+00,-2.127619004604020869e+00
1.600000000000000000e+01,7.619421343001589264e+01,5.348276360419047393e+01,-1.307189600404761975e+01,5.097437186000000509e+00,-2.127619004604020869e+00
1.600000000000000000e+01,7.639073250646704594e+01,5.337890710980952491e+01,-1.323872514295238112e+01,5.096166596999999854e+00,-2.127619004604020869e+00
1.600000000000000000e+01,7.658725158291818502e+01,5.327505061542856879e+01,-1.340555428185714248e+01,5.094896008000000087e+00,-2.127619004604020869e+00
1.600000000000000000e+01,7.678377065936933832e+01,5.317119412104761977e+01,-1.357238342076190563e+01,5.093625419000000321e+00,-2.127619004604020869e+00
1.600000000000000000e+01,7.698028973582049161e+01,5.306733762666666365e+01,-1.373921255966666699e+01,5.092354830000000554e+00,-2.127619004604020869e+00
1.600000000000000000e+01,7.717680881227163070e+01,5.296348113228571464e+01,-1.390604169857142836e+01,5.091084240999999899e+00,-2.127619004604020869e+00
1.600000000000000000e+01,7.737332788872278400e+01,5.285962463790475852e+01,-1.407287083747619150e+01,5.089813652000000133e+00,-2.127619004604020869e+00
1.600000000000000000e+01,7.756984696517392308e+01,5.275576814352380950e+01,-1.423969997638095286e+01,5.088543063000000366e+00,-2.127619004604020869e+00
1.600000000000000000e+01,7.776636604162507638e+01,5.265191164914285338e+01,-1.440652911528571423e+01,5.087272474000000599e+00,-2.127619004604020869e+00
1.600000000000000000e+01,7.796288511807622967e+01,5.254805515476190436e+01,-1.457335825419047559e+01,5.086001884999999945e+00,-2.127619004604020869e+00
1.600000000000000000e+01,7.815940419452736876e+01,5.244419866038094824e+01,-1.474018739309523696e+01,5.084731296000000178e+00,-2.127619004604020869e+00
1.700000000000000000e+01,7.835592327097852205e+01,5.234034216599999922e+01,-1.490701653200000010e+01,5.083460707000000411e+00,-1.016932265683749836e+00
1.700000000000000000e+01,7.854588024518183431e+01,5.244022758300000220e+01,-1.506852988559090889e+01,5.087931963090909449e+00,-1.016932265683749836e+00
1.700000000000000000e+01,7.873583721938513236e+01,5.254011299999999807e+01,-1.523004323918181768e+01,5.092403219181818486e+00,-1.016932265683749836e+00
1.700000000000000000e+01,7.892579419358844461e+01,5.263999841700000104e+01,-1.539155659277272825e+01,5.096874475272727523e+00,-1.016932265683749836e+00
1.700000000000000000e+01,7.911575116779175687e+01,5.273988383399999691e+01,-1.555306994636363704e+01,5.101345731363636560e+00,-1.016932265683749836e+00
1.700000000000000000e+01,7.930570814199506913e+01,5.283976925099999988e+01,-1.571458329995454584e+01,5.105816987454545597e+00,-1.016932265683749836e+00
1.700000000000000000e+01,7.949566511619836717e+01,5.293965466799999575e+01,-1.587609665354545463e+01,5.110288243545454634e+00,-1.016932265683749836e+00
1.700000000000000000e+01,7.968562209040167943e+01,5.303954008499999873e+01,-1.603761000713636520e+01,5.114759499636363671e+00,-1.016932265683749836e+00
1.700000000000000000e+01,7.987557906460499169e+01,5.313942550199999459e+01,-1.619912336072727399e+01,5.119230755727272708e+00,-1.016932265683749836e+00
1.700000000000000000e+01,8.006553603880830394e+01,5.323931091899999757e+01,-1.636063671431818278e+01,5.123702011818181745e+00,-1.016932265683749836e+00
1.700000000000000000e+01,8.025549301301160199e+01,5.333919633599999344e+01,-1.652215006790909158e+01,5.128173267909090782e+00,-1.016932265683749836e+00
1.800000000000000000e+01,8.044544998721491424e+01,5.343908175299999641e+01,-1.668366342150000037e+01,5.132644523999999819e+00,-8.583775777793866135e-01
1.800000000000000000e+01,8.063169494953571359e+01,5.356067505074999957e+01,-1.682443825770833357e+01,5.123441186416666682e+00,-8.583775777793866135e-01
1.800000000000000000e+01,8.081793991185651294e+01,5.368226834849999562e+01,-1.696521309391666676e+01,5.114237848833333544e+00,-8.583775777793866135e-01
1.800000000000000000e+01,8.100418487417731228e+01,5.380386164624999878e+01,-1.710598793012499996e+01,5.105034511250000406e+00,-8.583775777793866135e-01
1.800000000000000000e+01,8.119042983649811163e+01,5.392545494399999484e+01,-1.724676276633333316e+01,5.095831173666666380e+00,-8.583775777793866135e-01
1.800000000000000000e+01,8.137667479881891097e+01,5.404704824174999800e+01,-1.738753760254166636e+01,5.086627836083333243e+00,-8.583775777793866135e-01
1.800000000000000000e+01,8.156291976113971032e+01,5.416864153950000116e+01,-1.752831243874999956e+01,5.077424498500000105e+00,-8.583775777793866135e-01
1.800000000000000000e+01,8.174916472346050966e+01,5.429023483724999721e+01,-1.766908727495833276e+01,5.068221160916666967e+00,-8.583775777793866135e-01
1.800000000000000000e+01,8.193540968578130901e+01,5.441182813500000037e+01,-1.780986211116666595e+01,5.059017823333333830e+00,-8.583775777793866135e-01
1.800000000000000000e+01,8.212165464810210835e+01,5.453342143274999643e+01,-1.795063694737499915e+01,5.049814485749999804e+00,-8.583775777793866135e-01
1.800000000000000000e+01,8.230789961042290770e+01,5.465501473049999959e+01,-1.809141178358333235e+01,5.040611148166666666e+00,-8.583775777793866135e-01
1.800000000000000000e+01,8.249414457274370704e+01,5.477660802824999564e+01,-1.823218661979166555e+01,5.031407810583333529e+00,-8.583775777793866135e-01
1.900000000000000000e+01,8.268038953506450639e+01,5.489820132599999880e+01,-1.837296145599999875e+01,5.022204473000000391e+00,-1.322127515123263652e+00
1.900000000000000000e+01,8.287517574125881481e+01,5.494613886639999834e+01,-1.856174810439999945e+01,5.020399000800000344e+00,-1.322127515123263652e+00
1.900000000000000000e+01,8.306996194745312323e+01,5.499407640679999787e+01,-1.875053475280000015e+01,5.018593528600000298e+00,-1.322127515123263652e+00
1.900000000000000000e+01,8.326474815364743165e+01,5.504201394719999740e+01,-1.893932140119999730e+01,5.016788056400000251e+00,-1.322127515123263652e+00
1.900000000000000000e+01,8.345953435984174007e+01,5.508995148759999694e+01,-1.912810804959999800e+01,5.014982584200000204e+00,-1.322127515123263652e+00
1.900000000000000000e+01,8.365432056603604849e+01,5.513788902799999647e+01,-1.931689469799999870e+01,5.013177112000000157e+00,-1.322127515123263652e+00
1.900000000000000000e+01,8.384910677223035691e+01,5.518582656839999601e+01,-1.950568134639999940e+01,5.011371639800000111e+00,-1.322127515123263652e+00
1.900000000000000000e+01,8.404389297842466533e+01,5.523376410879999554e+01,-1.969446799480000010e+01,5.009566167600000064e+00,-1.322127515123263652e+00
1.900000000000000000e+01,8.423867918461897375e+01,5.528170164919999507e+01,-1.988325464319999725e+01,5.007760695400000017e+00,-1.322127515123263652e+00
1.900000000000000000e+01,8.443346539081328217e+01,5.532963918959999461e+01,-2.007204129159999795e+01,5.005955223199999971e+00,-1.322127515123263652e+00
1.900000000000000000e+01,8.462825159700759059e+01,5.537757673000000125e+01,-2.026082793999999865e+01,5.004149750999999924e+00,-1.322127515123263652e+00
1.900000000000000000e+01,8.482303780320189901e+01,5.542551427040000078e+01,-2.044961458839999935e+01,5.002344278800000765e+00,-1.322127515123263652e+00
1.900000000000000000e+01,8.501782400939620743e+01,5.547345181080000032e+01,-2.063840123680000005e+01,5.000538806600000719e+00,-1.322127515123263652e+00
1.900000000000000000e+01,8.521261021559051585e+01,5.552138935119999985e+01,-2.082718788519999720e+01,4.998733334400000672e+00,-1.322127515123263652e+00
1.900000000000000000e+01,8.540739642178482427e+01,5.556932689159999939e+01,-2.101597453359999790e+01,4.996927862200000625e+00,-1.322127515123263652e+00
1.900000000000000000e+01,8.560218262797913269e+01,5.561726443199999892e+01,-2.120476118199999860e+01,4.995122390000000578e+00,-1.322127515123263652e+00
1.900000000000000000e+01,8.579696883417344111e+01,5.566520197239999845e+01,-2.139354783039999930e+01,4.993316917800000532e+00,-1.322127515123263652e+00
1.900000000000000000e+01,8.599175504036776374e+01,5.571313951279999799e+01,-2.158233447880000000e+01,4.991511445600000485e+00,-1.322127515123263652e+00
1.900000000000000000e+01,8.618654124656207216e+01,5.576107705319999752e+01,-2.177112112719999715e+01,4.989705973400000438e+00,-1.322127515123263652e+00
1.900000000000000000e+01,8.638132745275638058e+01,5.580901459359999706e+01,-2.195990777559999785e+01,4.987900501200000392e+00,-1.322127515123263652e+00
2.000000000000000000e+01,8.657611365895068900e+01,5.585695213399999659e+01,-2.214869442399999855e+01,4.986095029000000345e+00,-5.711109328905296101e-01
2.000000000000000000e+01,8.676547640955413954e+01,5.601597899873333120e+01,-2.225087507153333277e+01,4.997400907066666953e+00,-5.711109328905296101e-01
2.000000000000000000e+01,8.695483916015759007e+01,5.617500586346666580e+01,-2.235305571906666700e+01,5.008706785133333561e+00,-5.711109328905296101e-01
2.000000000000000000e+01,8.714420191076102640e+01,5.633403272820000041e+01,-2.245523636659999767e+01,5.020012663200000169e+00,-5.711109328905296101e-01
2.000000000000000000e+01,8.733356466136447693e+01,5.649305959293332791e+01,-2.255741701413333189e+01,5.031318541266666777e+00,-5.711109328905296101e-01
2.000000000000000000e+01,8.752292741196792747e+01,5.665208645766666251e+01,-2.265959766166666611e+01,5.042624419333333385e+00,-5.711109328905296101e-01
2.000000000000000000e+01,8.771229016257137800e+01,5.681111332239999712e+01,-2.276177830920000034e+01,5.053930297399999994e+00,-5.711109328905296101e-01
2.000000000000000000e+01,8.790165291317482854e+01,5.697014018713333172e+01,-2.286395895673333456e+01,5.065236175466666602e+00,-5.711109328905296101e-01
2.000000000000000000e+01,8.809101566377827908e+01,5.712916705186666633e+01,-2.296613960426666523e+01,5.076542053533334098e+00,-5.711109328905296101e-01
2.000000000000000000e+01,8.828037841438171540e+01,5.728819391660000093e+01,-2.306832025179999945e+01,5.087847931600000706e+00,-5.711109328905296101e-01
2.000000000000000000e+01,8.846974116498516594e+01,5.744722078133333554e+01,-2.317050089933333368e+01,5.099153809666667314e+00,-5.711109328905296101e-01
2.000000000000000000e+01,8.865910391558861647e+01,5.760624764606667014e+01,-2.327268154686666790e+01,5.110459687733333922e+00,-5.711109328905296101e-01
2.000000000000000000e+01,8.884846666619206701e+01,5.776527451079999764e+01,-2.337486219440000212e+01,5.121765565800000530e+00,-5.711109328905296101e-01
2.000000000000000000e+01,8.903782941679551755e+01,5.792430137553333225e+01,-2.347704284193333280e+01,5.133071443866667138e+00,-5.711109328905296101e-01
2.000000000000000000e+01,8.922719216739896808e+01,5.808332824026666685e+01,-2.357922348946666702e+01,5.144377321933333747e+00,-5.711109328905296101e-01
2.100000000000000000e+01,8.941655491800240441e+01,5.824235510500000146e+01,-2.368140413700000124e+01,5.155683200000000355e+00,-1.215697617164447353e+00
2.100000000000000000e+01,8.961296145229363219e+01,5.831053156151785544e+01,-2.386525865567857352e+01,5.166864141392857768e+00,-1.215697617164447353e+00
2.100000000000000000e+01,8.980936798658485998e+01,5.837870801803571652e+01,-2.404911317435714579e+01,5.178045082785714293e+00,-1.215697617164447353e+00
2.100000000000000000e+01,9.000577452087608776e+01,5.844688447455357050e+01,-2.423296769303571452e+01,5.189226024178571706e+00,-1.215697617164447353e+00
2.100000000000000000e+01,9.020218105516731555e+01,5.851506093107143158e+01,-2.441682221171428679e+01,5.200406965571429119e+00,-1.215697617164447353e+00
2.100000000000000000e+01,9.039858758945854333e+01,5.858323738758928556e+01,-2.460067673039285907e+01,5.211587906964286532e+00,-1.215697617164447353e+00
2.100000000000000000e+01,9.059499412374977112e+01,5.865141384410714664e+01,-2.478453124907142779e+01,5.222768848357143057e+00,-1.215697617164447353e+00
2.100000000000000000e+01,9.079140065804099891e+01,5.871959030062500062e+01,-2.496838576775000007e+01,5.233949789750000470e+00,-1.215697617164447353e+00
2.100000000000000000e+01,9.098780719233222669e+01,5.878776675714285460e+01,-2.515224028642857235e+01,5.245130731142857883e+00,-1.215697617164447353e+00
2.100000000000000000e+01,9.118421372662344027e+01,5.885594321366071568e+01,-2.533609480510714462e+01,5.256311672535714408e+00,-1.215697617164447353e+00
2.100000000000000000e+01,9.138062026091466805e+01,5.892411967017856966e+01,-2.551994932378571335e+01,5.267492613928571821e+00,-1.215697617164447353e+00
2.100000000000000000e+01,9.157702679520589584e+01,5.899229612669643075e+01,-2.570380384246428562e+01,5.278673555321429234e+00,-1.215697617164447353e+00
2.100000000000000000e+01,9.177343332949712362e+01,5.906047258321428473e+01,-2.588765836114285790e+01,5.289854496714286647e+00,-1.215697617164447353e+00
2.100000000000000000e+01,9.196983986378835141e+01,5.912864903973214581e+01,-2.607151287982143018e+01,5.301035438107143172e+00,-1.215697617164447353e+00
2.100000000000000000e+01,9.216624639807957919e+01,5.919682549624999979e+01,-2.625536739849999890e+01,5.312216379500000585e+00,-1.215697617164447353e+00
2.100000000000000000e+01,9.236265293237080698e+01,5.926500195276785377e+01,-2.643922191717857118e+01,5.323397320892857998e+00,-1.215697617164447353e+00
2.100000000000000000e+01,9.255905946666203477e+01,5.933317840928571485e+01,-2.662307643585714345e+01,5.334578262285714523e+00,-1.215697617164447353e+00
2.100000000000000000e+01,9.275546600095326255e+01,5.940135486580356883e+01,-2.680693095453571573e+01,5.345759203678571936e+00,-1.215697617164447353e+00
2.100000000000000000e+01,9.295187253524449034e+01,5.946953132232142991e+01,-2.699078547321428445e+01,5.356940145071429349e+00,-1.215697617164447353e+00
2.100000000000000000e+01,9.314827906953571812e+01,5.953770777883928389e+01,-2.717463999189285673e+01,5.368121086464286762e+00,-1.215697617164447353e+00
2.100000000000000000e+01,9.334468560382694591e+01,5.960588423535714497e+01,-2.735849451057142900e+01,5.379302027857143287e+00,-1.215697617164447353e+00
2.100000000000000000e+01,9.354109213811817369e+01,5.967406069187499895e+01,-2.754234902925000128e+01,5.390482969250000700e+00,-1.215697617164447353e+00
2.100000000000000000e+01,9.373749867240940148e+01,5.974223714839285293e+01,-2.772620354792857000e+01,5.401663910642858113e+00,-1.215697617164447353e+00
2.100000000000000000e+01,9.393390520670062926e+01,5.981041360491071401e+01,-2.791005806660714228e+01,5.412844852035714638e+00,-1.215697617164447353e+00
2.100000000000000000e+01,9.413031174099185705e+01,5.987859006142856799e+01,-2.809391258528571456e+01,5.424025793428572051e+00,-1.215697617164447353e+00
2.100000000000000000e+01,9.432671827528308484e+01,5.994676651794642908e+01,-2.827776710396428683e+01,5.435206734821429464e+00,-1.215697617164447353e+00
2.100000000000000000e+01,9.452312480957431262e+01,6.001494297446428305e+01,-2.846162162264285911e+01,5.446387676214286877e+00,-1.215697617164447353e+00
2.100000000000000000e+01,9.471953134386552620e+01,6.008311943098214414e+01,-2.864547614132142783e+01,5.457568617607143402e+00,-1.215697617164447353e+00
2.200000000000000000e+01,9.491593787815675398e+01,6.015129588749999812e+01,-2.882933066000000011e+01,5.468749559000000815e+00,-1.293939900100609108e+00
2.200000000000000000e+01,9.511474181700747010e+01,6.020559704406666413e+01,-2.902042837226666805e+01,5.461262579333333811e+00,-1.293939900100609108e+00
2.200000000000000000e+01,9.531354575585818623e+01,6.025989820063333013e+01,-2.921152608453333244e+01,5.453775599666667695e+00,-1.293939900100609108e+00
2.200000000000000000e+01,9.551234969470891656e+01,6.031419935719999614e+01,-2.940262379680000038e+01,5.446288620000000691e+00,-1.293939900100609108e+00
2.200000000000000000e+01,9.571115363355963268e+01,6.036850051376666926e+01,-2.959372150906666832e+01,5.438801640333333687e+00,-1.293939900100609108e+00
2.200000000000000000e+01,9.590995757241034880e+01,6.042280167033333527e+01,-2.978481922133333271e+01,5.431314660666667571e+00,-1.293939900100609108e+00
2.200000000000000000e+01,9.610876151126106492e+01,6.047710282690000128e+01,-2.997591693360000065e+01,5.423827681000000567e+00,-1.293939900100609108e+00
2.200000000000000000e+01,9.630756545011179526e+01,6.053140398346666728e+01,-3.016701464586666859e+01,5.416340701333333563e+00,-1.293939900100609108e+00
2.200000000000000000e+01,9.650636938896251138e+01,6.058570514003333329e+01,-3.035811235813333298e+01,5.408853721666667447e+00,-1.293939900100609108e+00
2.200000000000000000e+01,9.670517332781322750e+01,6.064000629659999930e+01,-3.054921007040000092e+01,5.401366742000000443e+00,-1.293939900100609108e+00
2.200000000000000000e+01,9.690397726666394362e+01,6.069430745316666531e+01,-3.074030778266666886e+01,5.393879762333333439e+00,-1.293939900100609108e+00
2.200000000000000000e+01,9.710278120551465975e+01,6.074860860973333132e+01,-3.093140549493333324e+01,5.386392782666667323e+00,-1.293939900100609108e+00
2.200000000000000000e+01,9.730158514436539008e+01,6.080290976630000443e+01,-3.112250320720000119e+01,5.378905803000000319e+00,-1.293939900100609108e+00
2.200000000000000000e+01,9.750038908321610620e+01,6.085721092286667044e+01,-3.131360091946666913e+01,5.371418823333333314e+00,-1.293939900100609108e+00
2.200000000000000000e+01,9.769919302206682232e+01,6.091151207943333645e+01,-3.150469863173333351e+01,5.363931843666667199e+00,-1.293939900100609108e+00
2.300000000000000000e+01,9.789799696091753844e+01,6.096581323600000246e+01,-3.169579634400000145e+01,5.356444864000000194e+00,-1.011149860869932748e+00
2.300000000000000000e+01,9.809224650553709068e+01,6.106893769522727666e+01,-3.186041168850000105e+01,5.356303977045454801e+00,-1.011149860869932748e+00
2.300000000000000000e+01,9.828649605015665713e+01,6.117206215445455086e+01,-3.202502703300000064e+01,5.356163090090909407e+00,-1.011149860869932748e+00
2.300000000000000000e+01,9.848074559477620937e+01,6.127518661368181796e+01,-3.218964237750000024e+01,5.356022203136364013e+00,-1.011149860869932748e+00
2.300000000000000000e+01,9.867499513939576161e+01,6.137831107290909216e+01,-3.235425772199999983e+01,5.355881316181818619e+00,-1.011149860869932748e+00
2.300000000000000000e+01,9.886924468401531385e+01,6.148143553213636636e+01,-3.251887306649999942e+01,5.355740429227273225e+00,-1.011149860869932748e+00
2.300000000000000000e+01,9.906349422863488030e+01,6.158455999136364056e+01,-3.268348841099999902e+01,5.355599542272726943e+00,-1.011149860869932748e+00
2.300000000000000000e+01,9.925774377325443254e+01,6.168768445059090766e+01,-3.284810375549999861e+01,5.355458655318181549e+00,-1.011149860869932748e+00
2.300000000000000000e+01,9.945199331787398478e+01,6.179080890981818186e+01,-3.301271909999999821e+01,5.355317768363636155e+00,-1.011149860869932748e+00
2.300000000000000000e+01,9.964624286249355123e+01,6.189393336904545606e+01,-3.317733444449999780e+01,5.355176881409090761e+00,-1.011149860869932748e+00
2.300000000000000000e+01,9.984049240711310347e+01,6.199705782827273026e+01,-3.334194978899999739e+01,5.355035994454545367e+00,-1.011149860869932748e+00
2.300000000000000000e+01,1.000347419517326557e+02,6.210018228750000446e+01,-3.350656513350000409e+01,5.354895107499999973e+00,-1.011149860869932748e+00
2.300000000000000000e+01,1.002289914963522079e+02,6.220330674672727156e+01,-3.367118047800000369e+01,5.354754220545454579e+00,-1.011149860869932748e+00
2.300000000000000000e+01,1.004232410409717744e+02,6.230643120595454576e+01,-3.383579582250000328e+01,5.354613333590909185e+00,-1.011149860869932748e+00
2.300000000000000000e+01,1.006174905855913266e+02,6.240955566518181996e+01,-3.400041116700000288e+01,5.354472446636363792e+00,-1.011149860869932748e+00
2.300000000000000000e+01,1.008117401302108789e+02,6.251268012440909416e+01,-3.416502651150000247e+01,5.354331559681818398e+00,-1.011149860869932748e+00
2.300000000000000000e+01,1.010059896748304453e+02,6.261580458363636126e+01,-3.432964185600000206e+01,5.354190672727273004e+00,-1.011149860869932748e+00
2.300000000000000000e+01,1.012002392194499976e+02,6.271892904286363546e+01,-3.449425720050000166e+01,5.354049785772726722e+00,-1.011149860869932748e+00
2.300000000000000000e+01,1.013944887640695498e+02,6.282205350209090966e+01,-3.465887254500000125e+01,5.353908898818181328e+00,-1.011149860869932748e+00
2.300000000000000000e+01,1.015887383086891020e+02,6.292517796131818386e+01,-3.482348788950000085e+01,5.353768011863635934e+00,-1.011149860869932748e+00
2.300000000000000000e+01,1.017829878533086685e+02,6.302830242054545806e+01,-3.498810323400000044e+01,5.353627124909090540e+00,-1.011149860869932748e+00
2.300000000000000000e+01,1.019772373979282207e+02,6.313142687977272516e+01,-3.515271857850000004e+01,5.353486237954545146e+00,-1.011149860869932748e+00
2.400000000000000000e+01,1.021714869425477730e+02,6.323455133899999936e+01,-3.531733392299999963e+01,5.353345350999999752e+00,-1.111882437127030165e+00
2.400000000000000000e+01,1.023663962189693422e+02,6.332082073296666636e+01,-3.549193411806666631e+01,5.361218697333333338e+00,-1.111882437127030165e+00
2.400000000000000000e+01,1.025613054953909113e+02,6.340709012693333335e+01,-3.566653431313333300e+01,5.369092043666666036e+00,-1.111882437127030165e+00
2.400000000000000000e+01,1.027562147718124663e+02,6.349335952090000035e+01,-3.584113450819999969e+01,5.376965389999999623e+00,-1.111882437127030165e+00
2.400000000000000000e+01,1.029511240482340355e+02,6.357962891486666734e+01,-3.601573470326666637e+01,5.384838736333333209e+00,-1.111882437127030165e+00
2.400000000000000000e+01,1.031460333246556047e+02,6.366589830883333434e+01,-3.619033489833333306e+01,5.392712082666666795e+00,-1.111882437127030165e+00
2.400000000000000000e+01,1.033409426010771739e+02,6.375216770280000134e+01,-3.636493509339999974e+01,5.400585428999999493e+00,-1.111882437127030165e+00
2.400000000000000000e+01,1.035358518774987431e+02,6.383843709676666833e+01,-3.653953528846666643e+01,5.408458775333333080e+00,-1.111882437127030165e+00
2.400000000000000000e+01,1.037307611539202981e+02,6.392470649073333533e+01,-3.671413548353333312e+01,5.416332121666666666e+00,-1.111882437127030165e+00
2.400000000000000000e+01,1.039256704303418672e+02,6.401097588470000233e+01,-3.688873567859999980e+01,5.424205468000000252e+00,-1.111882437127030165e+00
2.400000000000000000e+01,1.041205797067634364e+02,6.409724527866666222e+01,-3.706333587366666649e+01,5.432078814333332950e+00,-1.111882437127030165e+00
2.400000000000000000e+01,1.043154889831850056e+02,6.418351467263333632e+01,-3.723793606873333317e+01,5.439952160666666536e+00,-1.111882437127030165e+00
2.400000000000000000e+01,1.045103982596065748e+02,6.426978406659999621e+01,-3.741253626379999986e+01,5.447825507000000123e+00,-1.111882437127030165e+00
2.400000000000000000e+01,1.047053075360281440e+02,6.435605346056667031e+01,-3.758713645886666654e+01,5.455698853333333709e+00,-1.111882437127030165e+00
2.400000000000000000e+01,1.049002168124496990e+02,6.444232285453333020e+01,-3.776173665393333323e+01,5.463572199666666407e+00,-1.111882437127030165e+00
2.400000000000000000e+01,1.050951260888712682e+02,6.452859224850000430e+01,-3.793633684899999992e+01,5.471445545999999993e+00,-1.111882437127030165e+00
2.400000000000000000e+01,1.052900353652928374e+02,6.461486164246666419e+01,-3.811093704406666660e+01,5.479318892333333579e+00,-1.111882437127030165e+00
2.400000000000000000e+01,1.054849446417144065e+02,6.470113103643333829e+01,-3.828553723913333329e+01,5.487192238666666277e+00,-1.111882437127030165e+00
2.400000000000000000e+01,1.056798539181359757e+02,6.478740043039999819e+01,-3.846013743419999997e+01,5.495065584999999864e+00,-1.111882437127030165e+00
2.400000000000000000e+01,1.058747631945575307e+02,6.487366982436667229e+01,-3.863473762926666666e+01,5.502938931333333450e+00,-1.111882437127030165e+00
2.400000000000000000e+01,1.060696724709790999e+02,6.495993921833333218e+01,-3.880933782433333334e+01,5.510812277666667036e+00,-1.111882437127030165e+00
2.400000000000000000e+01,1.062645817474006691e+02,6.504620861230000628e+01,-3.898393801940000003e+01,5.518685623999999734e+00,-1.111882437127030165e+00
2.400000000000000000e+01,1.064594910238222383e+02,6.513247800626666617e+01,-3.915853821446666672e+01,5.526558970333333320e+00,-1.111882437127030165e+00
2.400000000000000000e+01,1.066544003002438075e+02,6.521874740023334027e+01,-3.933313840953333340e+01,5.534432316666666907e+00,-1.111882437127030165e+00
2.400000000000000000e+01,1.068493095766653624e+02,6.530501679420000016e+01,-3.950773860460000009e+01,5.542305663000000493e+00,-1.111882437127030165e+00
2.400000000000000000e+01,1.070442188530869316e+02,6.539128618816667426e+01,-3.968233879966666677e+01,5.550179009333333191e+00,-1.111882437127030165e+00
2.400000000000000000e+01,1.072391281295085008e+02,6.547755558213333416e+01,-3.985693899473333346e+01,5.558052355666666777e+00,-1.111882437127030165e+00
2.400000000000000000e+01,1.074340374059300700e+02,6.556382497610000826e+01,-4.003153918980000014e+01,5.565925702000000364e+00,-1.111882437127030165e+00
2.400000000000000000e+01,1.076289466823516392e+02,6.565009437006666815e+01,-4.020613938486666683e+01,5.573799048333333950e+00,-1.111882437127030165e+00
2.400000000000000000e+01,1.078238559587732084e+02,6.573636376403334225e+01,-4.038073957993333352e+01,5.581672394666666648e+00,-1.111882437127030165e+00
2.500000000000000000e+01,1.080187652351947634e+02,6.582263315800000214e+01,-4.055533977500000020e+01,5.589545741000000234e+00,-1.252885137024672968e+00
2.500000000000000000e+01,1.081996303086713880e+02,6.587915682916667492e+01,-4.072710623649999917e+01,5.593224342000000071e+00,-1.252885137024672968e+00
2.500000000000000000e+01,1.083804953821480126e+02,6.593568050033333350e+01,-4.089887269799999814e+01,5.596902942999999908e+00,-1.252885137024672968e+00
2.500000000000000000e+01,1.085613604556246372e+02,6.599220417149999207e+01,-4.107063915950000421e+01,5.600581544000000633e+00,-1.252885137024672968e+00
2.500000000000000000e+01,1.087422255291012760e+02,6.604872784266666486e+01,-4.124240562100000318e+01,5.604260145000000470e+00,-1.252885137024672968e+00
2.500000000000000000e+01,1.089230906025779007e+02,6.610525151383333764e+01,-4.141417208250000215e+01,5.607938746000000307e+00,-1.252885137024672968e+00
2.600000000000000000e+01,1.091039556760545253e+02,6.616177518499999621e+01,-4.158593854400000112e+01,5.611617347000000144e+00,-8.124316690014915521e-01
2.600000000000000000e+01,1.092921425777700932e+02,6.629099716846153001e+01,-4.172234309361538607e+01,5.601139379076923497e+00,-8.124316690014915521e-01
2.600000000000000000e+01,1.094803294794856754e+02,6.642021915192307802e+01,-4.185874764323077102e+01,5.590661411153845961e+00,-8.124316690014915521e-01
2.600000000000000000e+01,1.096685163812012433e+02,6.654944113538461181e+01,-4.199515219284615597e+01,5.580183443230769313e+00,-8.124316690014915521e-01
2.600000000000000000e+01,1.098567032829168255e+02,6.667866311884615982e+01,-4.213155674246154092e+01,5.569705475307692666e+00,-8.124316690014915521e-01
2.600000000000000000e+01,1.100448901846323935e+02,6.680788510230769361e+01,-4.226796129207692587e+01,5.559227507384615130e+00,-8.124316690014915521e-01
2.600000000000000000e+01,1.102330770863479756e+02,6.693710708576922741e+01,-4.240436584169231082e+01,5.548749539461538482e+00,-8.124316690014915521e-01
2.600000000000000000e+01,1.104212639880635436e+02,6.706632906923077542e+01,-4.254077039130768867e+01,5.538271571538461835e+00,-8.124316690014915521e-01
2.600000000000000000e+01,1.106094508897791258e+02,6.719555105269230921e+01,-4.267717494092307362e+01,5.527793603615385187e+00,-8.124316690014915521e-01
2.600000000000000000e+01,1.107976377914946937e+02,6.732477303615384301e+01,-4.281357949053845857e+01,5.517315635692307652e+00,-8.124316690014915521e-01
2.600000000000000000e+01,1.109858246932102617e+02,6.745399501961539102e+01,-4.294998404015384352e+01,5.506837667769231004e+00,-8.124316690014915521e-01
2.600000000000000000e+01,1.111740115949258438e+02,6.758321700307692481e+01,-4.308638858976922847e+01,5.496359699846154356e+00,-8.124316690014915521e-01
2.600000000000000000e+01,1.113621984966414118e+02,6.771243898653847282e+01,-4.322279313938461343e+01,5.485881731923076821e+00,-8.124316690014915521e-01
2.700000000000000000e+01,1.115503853983569940e+02,6.784166097000000661e+01,-4.335919768899999838e+01,5.475403764000000173e+00,-1.622738439395337462e+00
2.700000000000000000e+01,1.117413659924264806e+02,6.783183036094118279e+01,-4.354828831388235244e+01,5.500337316058823589e+00,-1.622738439395337462e+00
2.700000000000000000e+01,1.119323465864959815e+02,6.782199975188235896e+01,-4.373737893876470650e+01,5.525270868117647005e+00,-1.622738439395337462e+00
2.700000000000000000e+01,1.121233271805654681e+02,6.781216914282353514e+01,-4.392646956364706057e+01,5.550204420176470421e+00,-1.622738439395337462e+00
2.700000000000000000e+01,1.123143077746349690e+02,6.780233853376471131e+01,-4.411556018852941463e+01,5.575137972235293837e+00,-1.622738439395337462e+00
2.700000000000000000e+01,1.125052883687044556e+02,6.779250792470588749e+01,-4.430465081341176159e+01,5.600071524294118142e+00,-1.622738439395337462e+00
2.700000000000000000e+01,1.126962689627739564e+02,6.778267731564706366e+01,-4.449374143829411565e+01,5.625005076352941558e+00,-1.622738439395337462e+00
2.700000000000000000e+01,1.128872495568434431e+02,6.777284670658823984e+01,-4.468283206317646972e+01,5.649938628411764974e+00,-1.622738439395337462e+00
2.700000000000000000e+01,1.130782301509129297e+02,6.776301609752941602e+01,-4.487192268805882378e+01,5.674872180470588390e+00,-1.622738439395337462e+00
2.700000000000000000e+01,1.132692107449824306e+02,6.775318548847059219e+01,-4.506101331294117784e+01,5.699805732529411806e+00,-1.622738439395337462e+00
2.700000000000000000e+01,1.134601913390519172e+02,6.774335487941176837e+01,-4.525010393782353191e+01,5.724739284588235222e+00,-1.622738439395337462e+00
2.700000000000000000e+01,1.136511719331214181e+02,6.773352427035294454e+01,-4.543919456270588597e+01,5.749672836647058638e+00,-1.622738439395337462e+00
2.700000000000000000e+01,1.138421525271909047e+02,6.772369366129412072e+01,-4.562828518758824003e+01,5.774606388705882054e+00,-1.622738439395337462e+00
2.700000000000000000e+01,1.140331331212603914e+02,6.771386305223529689e+01,-4.581737581247058699e+01,5.799539940764706358e+00,-1.622738439395337462e+00
2.700000000000000000e+01,1.142241137153298922e+02,6.770403244317647307e+01,-4.600646643735294106e+01,5.824473492823529774e+00,-1.622738439395337462e+00
2.700000000000000000e+01,1.144150943093993789e+02,6.769420183411764924e+01,-4.619555706223529512e+01,5.849407044882353190e+00,-1.622738439395337462e+00
2.700000000000000000e+01,1.146060749034688797e+02,6.768437122505882542e+01,-4.638464768711764918e+01,5.874340596941176607e+00,-1.622738439395337462e+00
2.800000000000000000e+01,1.147970554975383664e+02,6.767454061600000159e+01,-4.657373831200000325e+01,5.899274149000000023e+00,-1.525065542553746711e+00
2.800000000000000000e+01,1.149938315323586693e+02,6.768339513963636023e+01,-4.676722614345455042e+01,5.933985305272726940e+00,-1.525065542553746711e+00
2.800000000000000000e+01,1.151906075671789580e+02,6.769224966327273307e+01,-4.696071397490909050e+01,5.968696461545454746e+00,-1.525065542553746711e+00
2.800000000000000000e+01,1.153873836019992609e+02,6.770110418690909171e+01,-4.715420180636363767e+01,6.003407617818181663e+00,-1.525065542553746711e+00
2.800000000000000000e+01,1.155841596368195638e+02,6.770995871054545034e+01,-4.734768963781818485e+01,6.038118774090908580e+00,-1.525065542553746711e+00
2.800000000000000000e+01,1.157809356716398526e+02,6.771881323418182319e+01,-4.754117746927273203e+01,6.072829930363636386e+00,-1.525065542553746711e+00
2.800000000000000000e+01,1.159777117064601555e+02,6.772766775781818183e+01,-4.773466530072727210e+01,6.107541086636363303e+00,-1.525065542553746711e+00
2.800000000000000000e+01,1.161744877412804584e+02,6.773652228145455467e+01,-4.792815313218181927e+01,6.142252242909091109e+00,-1.525065542553746711e+00
2.800000000000000000e+01,1.163712637761007471e+02,6.774537680509091331e+01,-4.812164096363636645e+01,6.176963399181818026e+00,-1.525065542553746711e+00
2.800000000000000000e+01,1.165680398109210500e+02,6.775423132872727194e+01,-4.831512879509091363e+01,6.211674555454544944e+00,-1.525065542553746711e+00
2.800000000000000000e+01,1.167648158457413388e+02,6.776308585236364479e+01,-4.850861662654545370e+01,6.246385711727272749e+00,-1.525065542553746711e+00
2.900000000000000000e+01,1.169615918805616417e+02,6.777194037600000343e+01,-4.870210445800000088e+01,6.281096867999999667e+00,-2.530127916183493753e+00
2.900000000000000000e+01,1.171571099040859849e+02,6.761187078860000099e+01,-4.881432946046666643e+01,6.284348565066665948e+00,-2.530127916183493753e+00
2.900000000000000000e+01,1.173526279276103139e+02,6.745180120119999856e+01,-4.892655446293333199e+01,6.287600262133333118e+00,-2.530127916183493753e+00
2.900000000000000000e+01,1.175481459511346571e+02,6.729173161379999613e+01,-4.903877946539999755e+01,6.290851959199999399e+00,-2.530127916183493753e+00
2.900000000000000000e+01,1.177436639746589861e+02,6.713166202640000790e+01,-4.915100446786667021e+01,6.294103656266666569e+00,-2.530127916183493753e+00
2.900000000000000000e+01,1.179391819981833294e+02,6.697159243900000547e+01,-4.926322947033333577e+01,6.297355353333332850e+00,-2.530127916183493753e+00
2.900000000000000000e+01,1.181347000217076584e+02,6.681152285160000304e+01,-4.937545447280000133e+01,6.300607050400000020e+00,-2.530127916183493753e+00
2.900000000000000000e+01,1.183302180452320016e+02,6.665145326420000060e+01,-4.948767947526666688e+01,6.303858747466666301e+00,-2.530127916183493753e+00
2.900000000000000000e+01,1.185257360687563306e+02,6.649138367679999817e+01,-4.959990447773333244e+01,6.307110444533333471e+00,-2.530127916183493753e+00
2.900000000000000000e+01,1.187212540922806738e+02,6.633131408939999574e+01,-4.971212948019999800e+01,6.310362141599999752e+00,-2.530127916183493753e+00
2.900000000000000000e+01,1.189167721158050028e+02,6.617124450199999330e+01,-4.982435448266666356e+01,6.313613838666666922e+00,-2.530127916183493753e+00
2.900000000000000000e+01,1.191122901393293461e+02,6.601117491459999087e+01,-4.993657948513332911e+01,6.316865535733333203e+00,-2.530127916183493753e+00
2.900000000000000000e+01,1.193078081628536893e+02,6.585110532720000265e+01,-5.004880448760000178e+01,6.320117232800000373e+00,-2.530127916183493753e+00
2.900000000000000000e+01,1.195033261863780183e+02,6.569103573980000021e+01,-5.016102949006666734e+01,6.323368929866666655e+00,-2.530127916183493753e+00
2.900000000000000000e+01,1.196988442099023615e+02,6.553096615239999778e+01,-5.027325449253333289e+01,6.326620626933333824e+00,-2.530127916183493753e+00
3.000000000000000000e+01,1.198943622334266905e+02,6.537089656499999535e+01,-5.038547949499999845e+01,6.329872324000000106e+00,-2.932862505783272677e+00
3.000000000000000000e+01,1.200926138273000703e+02,6.517695690159258959e+01,-5.042655887555555694e+01,6.327978670407407691e+00,-2.932862505783272677e+00
3.000000000000000000e+01,1.202908654211734500e+02,6.498301723818518383e+01,-5.046763825611110832e+01,6.326085016814815276e+00,-2.932862505783272677e+00
3.000000000000000000e+01,1.204891170150468298e+02,6.478907757477777807e+01,-5.050871763666666681e+01,6.324191363222221973e+00,-2.932862505783272677e+00
3.000000000000000000e+01,1.206873686089202096e+02,6.459513791137037231e+01,-5.054979701722221819e+01,6.322297709629629558e+00,-2.932862505783272677e+00
3.000000000000000000e+01,1.208856202027935893e+02,6.440119824796295234e+01,-5.059087639777777667e+01,6.320404056037037144e+00,-2.932862505783272677e+00
3.000000000000000000e+01,1.210838717966669691e+02,6.420725858455554658e+01,-5.063195577833333516e+01,6.318510402444444729e+00,-2.932862505783272677e+00
3.000000000000000000e+01,1.212821233905403489e+02,6.401331892114814082e+01,-5.067303515888888654e+01,6.316616748851851426e+00,-2.932862505783272677e+00
3.000000000000000000e+01,1.214803749844137286e+02,6.381937925774073506e+01,-5.071411453944444503e+01,6.314723095259259011e+00,-2.932862505783272677e+00
3.000000000000000000e+01,1.216786265782871084e+02,6.362543959433332930e+01,-5.075519391999999641e+01,6.312829441666666597e+00,-2.932862505783272677e+00
3.000000000000000000e+01,1.218768781721604881e+02,6.343149993092592354e+01,-5.079627330055555490e+01,6.310935788074074182e+00,-2.932862505783272677e+00
3.000000000000000000e+01,1.220751297660338679e+02,6.323756026751851778e+01,-5.083735268111111338e+01,6.309042134481481767e+00,-2.932862505783272677e+00
3.000000000000000000e+01,1.222733813599072477e+02,6.304362060411110491e+01,-5.087843206166666477e+01,6.307148480888888464e+00,-2.932862505783272677e+00
3.000000000000000000e+01,1.224716329537806274e+02,6.284968094070369915e+01,-5.091951144222222325e+01,6.305254827296296050e+00,-2.932862505783272677e+00
3.000000000000000000e+01,1.226698845476540072e+02,6.265574127729629339e+01,-5.096059082277777463e+01,6.303361173703703635e+00,-2.932862505783272677e+00
3.000000000000000000e+01,1.228681361415273869e+02,6.246180161388888763e+01,-5.100167020333333312e+01,6.301467520111111220e+00,-2.932862505783272677e+00
3.000000000000000000e+01,1.230663877354007667e+02,6.226786195048147476e+01,-5.104274958388888450e+01,6.299573866518517917e+00,-2.932862505783272677e+00
3.000000000000000000e+01,1.232646393292741465e+02,6.207392228707406900e+01,-5.108382896444444299e+01,6.297680212925925503e+00,-2.932862505783272677e+00
3.000000000000000000e+01,1.234628909231475120e+02,6.187998262366666324e+01,-5.112490834500000148e+01,6.295786559333333088e+00,-2.932862505783272677e+00
3.000000000000000000e+01,1.236611425170208918e+02,6.168604296025925748e+01,-5.116598772555555286e+01,6.293892905740740673e+00,-2.932862505783272677e+00
3.000000000000000000e+01,1.238593941108942715e+02,6.149210329685185172e+01,-5.120706710611111134e+01,6.291999252148148258e+00,-2.932862505783272677e+00
3.000000000000000000e+01,1.240576457047676513e+02,6.129816363344443886e+01,-5.124814648666666272e+01,6.290105598555554955e+00,-2.932862505783272677e+00
3.000000000000000000e+01,1.242558972986410311e+02,6.110422397003703310e+01,-5.128922586722222121e+01,6.288211944962962541e+00,-2.932862505783272677e+00
3.000000000000000000e+01,1.244541488925144108e+02,6.091028430662962734e+01,-5.133030524777777970e+01,6.286318291370370126e+00,-2.932862505783272677e+00
3.000000000000000000e+01,1.246524004863877906e+02,6.071634464322222158e+01,-5.137138462833333108e+01,6.284424637777777711e+00,-2.932862505783272677e+00
3.000000000000000000e+01,1.248506520802611703e+02,6.052240497981480871e+01,-5.141246400888888957e+01,6.282530984185184408e+00,-2.932862505783272677e+00
3.000000000000000000e+01,1.250489036741345501e+02,6.032846531640740295e+01,-5.145354338944444095e+01,6.280637330592591994e+00,-2.932862505783272677e+00
3.100000000000000000e+01,1.252471552680079299e+02,6.013452565299999719e+01,-5.149462276999999943e+01,6.278743676999999579e+00,-3.012670978833676294e+00
3.100000000000000000e+01,1.254432768525632866e+02,5.994003644643137108e+01,-5.151983648998039200e+01,6.280119460980391644e+00,-3.012670978833676294e+00
3.100000000000000000e+01,1.256393984371186434e+02,5.974554723986274496e+01,-5.154505020996078457e+01,6.281495244960783708e+00,-3.012670978833676294e+00
3.100000000000000000e+01,1.258355200216740002e+02,5.955105803329411174e+01,-5.157026392994117714e+01,6.282871028941175773e+00,-3.012670978833676294e+00
3.100000000000000000e+01,1.260316416062293570e+02,5.935656882672548562e+01,-5.159547764992156971e+01,6.284246812921567837e+00,-3.012670978833676294e+00
3.100000000000000000e+01,1.262277631907847280e+02,5.916207962015685951e+01,-5.162069136990196228e+01,6.285622596901960790e+00,-3.012670978833676294e+00
3.100000000000000000e+01,1.264238847753400847e+02,5.896759041358823339e+01,-5.164590508988235484e+01,6.286998380882352855e+00,-3.012670978833676294e+00
3.100000000000000000e+01,1.266200063598954415e+02,5.877310120701960727e+01,-5.167111880986274741e+01,6.288374164862744919e+00,-3.012670978833676294e+00
3.100000000000000000e+01,1.268161279444507983e+02,5.857861200045098116e+01,-5.169633252984313998e+01,6.289749948843136984e+00,-3.012670978833676294e+00
3.100000000000000000e+01,1.270122495290061551e+02,5.838412279388234793e+01,-5.172154624982352544e+01,6.291125732823529049e+00,-3.012670978833676294e+00
3.100000000000000000e+01,1.272083711135615118e+02,5.818963358731372182e+01,-5.174675996980391801e+01,6.292501516803921113e+00,-3.012670978833676294e+00
3.100000000000000000e+01,1.274044926981168686e+02,5.799514438074509570e+01,-5.177197368978431058e+01,6.293877300784313178e+00,-3.012670978833676294e+00
3.100000000000000000e+01,1.276006142826722254e+02,5.780065517417646959e+01,-5.179718740976470315e+01,6.295253084764705243e+00,-3.012670978833676294e+00
3.100000000000000000e+01,1.277967358672275822e+02,5.760616596760784347e+01,-5.182240112974509572e+01,6.296628868745098195e+00,-3.012670978833676294e+00
3.100000000000000000e+01,1.279928574517829389e+02,5.741167676103921735e+01,-5.184761484972548828e+01,6.298004652725490260e+00,-3.012670978833676294e+00
3.100000000000000000e+01,1.281889790363383099e+02,5.721718755447058413e+01,-5.187282856970588085e+01,6.299380436705882325e+00,-3.012670978833676294e+00
3.100000000000000000e+01,1.283851006208936667e+02,5.702269834790195802e+01,-5.189804228968627342e+01,6.300756220686274389e+00,-3.012670978833676294e+00
3.100000000000000000e+01,1.285812222054490235e+02,5.682820914133333190e+01,-5.192325600966666599e+01,6.302132004666666454e+00,-3.012670978833676294e+00
3.100000000000000000e+01,1.287773437900043803e+02,5.663371993476470578e+01,-5.194846972964705856e+01,6.303507788647058518e+00,-3.012670978833676294e+00
3.100000000000000000e+01,1.289734653745597370e+02,5.643923072819607967e+01,-5.197368344962745113e+01,6.304883572627450583e+00,-3.012670978833676294e+00
3.100000000000000000e+01,1.291695869591150938e+02,5.624474152162744645e+01,-5.199889716960784369e+01,6.306259356607842648e+00,-3.012670978833676294e+00
3.100000000000000000e+01,1.293657085436704506e+02,5.605025231505882033e+01,-5.202411088958823626e+01,6.307635140588234712e+00,-3.012670978833676294e+00
3.100000000000000000e+01,1.295618301282258074e+02,5.585576310849019421e+01,-5.204932460956862883e+01,6.309010924568627665e+00,-3.012670978833676294e+00
3.100000000000000000e+01,1.297579517127811641e+02,5.566127390192156810e+01,-5.207453832954902140e+01,6.310386708549019730e+00,-3.012670978833676294e+00
3.100000000000000000e+01,1.299540732973365209e+02,5.546678469535294198e+01,-5.209975204952941397e+01,6.311762492529411794e+00,-3.012670978833676294e+00
3.100000000000000000e+01,1.301501948818918777e+02,5.527229548878431586e+01,-5.212496576950980653e+01,6.313138276509803859e+00,-3.012670978833676294e+00
3.100000000000000000e+01,1.303463164664472345e+02,5.507780628221568975e+01,-5.215017948949019200e+01,6.314514060490195924e+00,-3.012670978833676294e+00
3.100000000000000000e+01,1.305424380510025912e+02,5.488331707564705653e+01,-5.217539320947058457e+01,6.315889844470587988e+00,-3.012670978833676294e+00
3.100000000000000000e+01,1.307385596355579480e+02,5.468882786907843041e+01,-5.220060692945097713e+01,6.317265628450980053e+00,-3.012670978833676294e+00
3.100000000000000000e+01,1.309346812201133048e+02,5.449433866250980429e+01,-5.222582064943136970e+01,6.318641412431372117e+00,-3.012670978833676294e+00
3.100000000000000000e+01,1.311308028046686900e+02,5.429984945594117818e+01,-5.225103436941176227e+01,6.320017196411765070e+00,-3.012670978833676294e+00
3.100000000000000000e+01,1.313269243892240468e+02,5.410536024937255206e+01,-5.227624808939215484e+01,6.321392980392157135e+00,-3.012670978833676294e+00
3.100000000000000000e+01,1.315230459737794035e+02,5.391087104280391884e+01,-5.230146180937254741e+01,6.322768764372549199e+00,-3.012670978833676294e+00
3.100000000000000000e+01,1.317191675583347603e+02,5.371638183623529272e+01,-5.232667552935293998e+01,6.324144548352941264e+00,-3.012670978833676294e+00
3.100000000000000000e+01,1.319152891428901171e+02,5.352189262966666661e+01,-5.235188924933333254e+01,6.325520332333333329e+00,-3.012670978833676294e+00
3.100000000000000000e+01,1.321114107274454739e+02,5.332740342309804049e+01,-5.237710296931372511e+01,6.326896116313725393e+00,-3.012670978833676294e+00
3.100000000000000000e+01,1.323075323120008306e+02,5.313291421652941438e+01,-5.240231668929411768e+01,6.328271900294117458e+00,-3.012670978833676294e+00
3.100000000000000000e+01,1.325036538965561874e+02,5.293842500996078115e+01,-5.242753040927451025e+01,6.329647684274509523e+00,-3.012670978833676294e+00
3.100000000000000000e+01,1.326997754811115442e+02,5.274393580339215504e+01,-5.245274412925490282e+01,6.331023468254901587e+00,-3.012670978833676294e+00
3.100000000000000000e+01,1.328958970656669010e+02,5.254944659682352892e+01,-5.247795784923529538e+01,6.332399252235294540e+00,-3.012670978833676294e+00
3.100000000000000000e+01,1.330920186502222577e+02,5.235495739025490280e+01,-5.250317156921568795e+01,6.333775036215686605e+00,-3.012670978833676294e+00
3.100000000000000000e+01,1.332881402347776145e+02,5.216046818368627669e+01,-5.252838528919608052e+01,6.335150820196078669e+00,-3.012670978833676294e+00
3.100000000000000000e+01,1.334842618193329713e+02,5.196597897711765057e+01,-5.255359900917647309e+01,6.336526604176470734e+00,-3.012670978833676294e+00
3.100000000000000000e+01,1.336803834038883281e+02,5.177148977054902446e+01,-5.257881272915685855e+01,6.337902388156862798e+00,-3.012670978833676294e+00
3.100000000000000000e+01,1.338765049884436849e+02,5.157700056398039123e+01,-5.260402644913725112e+01,6.339278172137254863e+00,-3.012670978833676294e+00
3.100000000000000000e+01,1.340726265729990416e+02,5.138251135741176512e+01,-5.262924016911764369e+01,6.340653956117646928e+00,-3.012670978833676294e+00
3.100000000000000000e+01,1.342687481575543984e+02,5.118802215084313900e+01,-5.265445388909803626e+01,6.342029740098038992e+00,-3.012670978833676294e+00
3.100000000000000000e+01,1.344648697421097552e+02,5.099353294427451289e+01,-5.267966760907842882e+01,6.343405524078431945e+00,-3.012670978833676294e+00
3.100000000000000000e+01,1.346609913266651120e+02,5.079904373770588677e+01,-5.270488132905882139e+01,6.344781308058824010e+00,-3.012670978833676294e+00
3.100000000000000000e+01,1.348571129112204972e+02,5.060455453113725355e+01,-5.273009504903921396e+01,6.346157092039216074e+00,-3.012670978833676294e+00
3.100000000000000000e+01,1.350532344957758539e+02,5.041006532456862743e+01,-5.275530876901960653e+01,6.347532876019608139e+00,-3.012670978833676294e+00
3.200000000000000000e+01,1.352493560803312107e+02,5.021557611800000132e+01,-5.278052248899999910e+01,6.348908660000000204e+00,2.371902096368716517e+00
3.200000000000000000e+01,1.354116115858580258e+02,5.009909431049999995e+01,-5.266764368399999796e+01,6.353057512500000392e+00,2.371902096368716517e+00
3.200000000000000000e+01,1.355738670913848409e+02,4.998261250299999858e+01,-5.255476487900000393e+01,6.357206364999999693e+00,2.371902096368716517e+00
3.200000000000000000e+01,1.357361225969116560e+02,4.986613069550000432e+01,-5.244188607400000279e+01,6.361355217499999881e+00,2.371902096368716517e+00
3.300000000000000000e+01,1.358983781024384712e+02,4.974964888800000296e+01,-5.232900726900000166e+01,6.365504070000000070e+00,-2.767928604164615169e+00
3.300000000000000000e+01,1.360975588096762863e+02,4.956421253246970338e+01,-5.240171397874242842e+01,6.365719805545454690e+00,-2.767928604164615169e+00
3.300000000000000000e+01,1.362967395169141014e+02,4.937877617693939669e+01,-5.247442068848484809e+01,6.365935541090909311e+00,-2.767928604164615169e+00
3.300000000000000000e+01,1.364959202241519165e+02,4.919333982140909711e+01,-5.254712739822727485e+01,6.366151276636363932e+00,-2.767928604164615169e+00
3.300000000000000000e+01,1.366951009313897316e+02,4.900790346587879043e+01,-5.261983410796970162e+01,6.366367012181818552e+00,-2.767928604164615169e+00
3.300000000000000000e+01,1.368942816386275467e+02,4.882246711034849085e+01,-5.269254081771212128e+01,6.366582747727273173e+00,-2.767928604164615169e+00
3.300000000000000000e+01,1.370934623458653618e+02,4.863703075481818416e+01,-5.276524752745454805e+01,6.366798483272726905e+00,-2.767928604164615169e+00
3.300000000000000000e+01,1.372926430531031770e+02,4.845159439928788458e+01,-5.283795423719696771e+01,6.367014218818181526e+00,-2.767928604164615169e+00
3.300000000000000000e+01,1.374918237603409921e+02,4.826615804375757790e+01,-5.291066094693939448e+01,6.367229954363636146e+00,-2.767928604164615169e+00
3.300000000000000000e+01,1.376910044675788072e+02,4.808072168822727832e+01,-5.298336765668182125e+01,6.367445689909090767e+00,-2.767928604164615169e+00
3.300000000000000000e+01,1.378901851748165939e+02,4.789528533269697164e+01,-5.305607436642424091e+01,6.367661425454545387e+00,-2.767928604164615169e+00
3.300000000000000000e+01,1.380893658820544090e+02,4.770984897716667206e+01,-5.312878107616666767e+01,6.367877161000000008e+00,-2.767928604164615169e+00
3.300000000000000000e+01,1.382885465892922241e+02,4.752441262163636537e+01,-5.320148778590909444e+01,6.368092896545454629e+00,-2.767928604164615169e+00
3.300000000000000000e+01,1.384877272965300392e+02,4.733897626610606579e+01,-5.327419449565151410e+01,6.368308632090909249e+00,-2.767928604164615169e+00
3.300000000000000000e+01,1.386869080037678543e+02,4.715353991057575911e+01,-5.334690120539394087e+01,6.368524367636363870e+00,-2.767928604164615169e+00
3.300000000000000000e+01,1.388860887110056694e+02,4.696810355504545953e+01,-5.341960791513636764e+01,6.368740103181818490e+00,-2.767928604164615169e+00
3.300000000000000000e+01,1.390852694182434846e+02,4.678266719951515284e+01,-5.349231462487878730e+01,6.368955838727273111e+00,-2.767928604164615169e+00
3.300000000000000000e+01,1.392844501254812997e+02,4.659723084398485327e+01,-5.356502133462121407e+01,6.369171574272726843e+00,-2.767928604164615169e+00
3.300000000000000000e+01,1.394836308327191148e+02,4.641179448845454658e+01,-5.363772804436363373e+01,6.369387309818181464e+00,-2.767928604164615169e+00
3.300000000000000000e+01,1.396828115399569299e+02,4.622635813292424700e+01,-5.371043475410606050e+01,6.369603045363636085e+00,-2.767928604164615169e+00
3.300000000000000000e+01,1.398819922471947450e+02,4.604092177739394032e+01,-5.378314146384848726e+01,6.369818780909090705e+00,-2.767928604164615169e+00
3.300000000000000000e+01,1.400811729544325601e+02,4.585548542186364074e+01,-5.385584817359090692e+01,6.370034516454545326e+00,-2.767928604164615169e+00
3.300000000000000000e+01,1.402803536616703752e+02,4.567004906633333405e+01,-5.392855488333333369e+01,6.370250251999999946e+00,-2.767928604164615169e+00
3.300000000000000000e+01,1.404795343689081903e+02,4.548461271080303447e+01,-5.400126159307576046e+01,6.370465987545454567e+00,-2.767928604164615169e+00
3.300000000000000000e+01,1.406787150761460055e+02,4.529917635527272779e+01,-5.407396830281818012e+01,6.370681723090909188e+00,-2.767928604164615169e+00
3.300000000000000000e+01,1.408778957833838206e+02,4.511373999974242821e+01,-5.414667501256060689e+01,6.370897458636363808e+00,-2.767928604164615169e+00
3.300000000000000000e+01,1.410770764906216357e+02,4.492830364421212153e+01,-5.421938172230303365e+01,6.371113194181818429e+00,-2.767928604164615169e+00
3.300000000000000000e+01,1.412762571978594508e+02,4.474286728868182195e+01,-5.429208843204545332e+01,6.371328929727273049e+00,-2.767928604164615169e+00
3.300000000000000000e+01,1.414754379050972659e+02,4.455743093315151526e+01,-5.436479514178788008e+01,6.371544665272726782e+00,-2.767928604164615169e+00
3.300000000000000000e+01,1.416746186123350526e+02,4.437199457762121568e+01,-5.443750185153029975e+01,6.371760400818181402e+00,-2.767928604164615169e+00
3.300000000000000000e+01,1.418737993195728677e+02,4.418655822209090900e+01,-5.451020856127272651e+01,6.371976136363636023e+00,-2.767928604164615169e+00
3.300000000000000000e+01,1.420729800268106828e+02,4.400112186656060942e+01,-5.458291527101515328e+01,6.372191871909090644e+00,-2.767928604164615169e+00
3.300000000000000000e+01,1.422721607340484979e+02,4.381568551103030984e+01,-5.465562198075757294e+01,6.372407607454545264e+00,-2.767928604164615169e+00
3.300000000000000000e+01,1.424713414412863131e+02,4.363024915550000316e+01,-5.472832869049999971e+01,6.372623342999999885e+00,-2.767928604164615169e+00
3.300000000000000000e+01,1.426705221485241282e+02,4.344481279996969647e+01,-5.480103540024242648e+01,6.372839078545454505e+00,-2.767928604164615169e+00
3.300000000000000000e+01,1.428697028557619433e+02,4.325937644443939689e+01,-5.487374210998484614e+01,6.373054814090909126e+00,-2.767928604164615169e+00
3.300000000000000000e+01,1.430688835629997584e+02,4.307394008890909731e+01,-5.494644881972727291e+01,6.373270549636363747e+00,-2.767928604164615169e+00
3.300000000000000000e+01,1.432680642702375735e+02,4.288850373337879063e+01,-5.501915552946969967e+01,6.373486285181818367e+00,-2.767928604164615169e+00
3.300000000000000000e+01,1.434672449774753886e+02,4.270306737784848394e+01,-5.509186223921211933e+01,6.373702020727272988e+00,-2.767928604164615169e+00
3.300000000000000000e+01,1.436664256847132037e+02,4.251763102231818436e+01,-5.516456894895454610e+01,6.373917756272726720e+00,-2.767928604164615169e+00
3.300000000000000000e+01,1.438656063919510188e+02,4.233219466678788478e+01,-5.523727565869696576e+01,6.374133491818181341e+00,-2.767928604164615169e+00
3.300000000000000000e+01,1.440647870991888340e+02,4.214675831125757810e+01,-5.530998236843939253e+01,6.374349227363635961e+00,-2.767928604164615169e+00
3.300000000000000000e+01,1.442639678064266491e+02,4.196132195572727852e+01,-5.538268907818181930e+01,6.374564962909090582e+00,-2.767928604164615169e+00
3.300000000000000000e+01,1.444631485136644642e+02,4.177588560019697184e+01,-5.545539578792423896e+01,6.374780698454545202e+00,-2.767928604164615169e+00
3.300000000000000000e+01,1.446623292209022793e+02,4.159044924466667226e+01,-5.552810249766666573e+01,6.374996433999999823e+00,-2.767928604164615169e+00
3.300000000000000000e+01,1.448615099281400944e+02,4.140501288913636557e+01,-5.560080920740909249e+01,6.375212169545454444e+00,-2.767928604164615169e+00
3.300000000000000000e+01,1.450606906353779095e+02,4.121957653360605889e+01,-5.567351591715151216e+01,6.375427905090909064e+00,-2.767928604164615169e+00
3.300000000000000000e+01,1.452598713426157246e+02,4.103414017807575931e+01,-5.574622262689393892e+01,6.375643640636363685e+00,-2.767928604164615169e+00
3.300000000000000000e+01,1.454590520498535398e+02,4.084870382254545973e+01,-5.581892933663636569e+01,6.375859376181818305e+00,-2.767928604164615169e+00
3.300000000000000000e+01,1.456582327570913549e+02,4.066326746701515304e+01,-5.589163604637878535e+01,6.376075111727272926e+00,-2.767928604164615169e+00
3.300000000000000000e+01,1.458574134643291416e+02,4.047783111148485347e+01,-5.596434275612121212e+01,6.376290847272726658e+00,-2.767928604164615169e+00
3.300000000000000000e+01,1.460565941715669567e+02,4.029239475595454678e+01,-5.603704946586363178e+01,6.376506582818181279e+00,-2.767928604164615169e+00
3.300000000000000000e+01,1.462557748788047718e+02,4.010695840042424720e+01,-5.610975617560605855e+01,6.376722318363635900e+00,-2.767928604164615169e+00
3.300000000000000000e+01,1.464549555860425869e+02,3.992152204489394052e+01,-5.618246288534848532e+01,6.376938053909090520e+00,-2.767928604164615169e+00
3.300000000000000000e+01,1.466541362932804020e+02,3.973608568936364094e+01,-5.625516959509090498e+01,6.377153789454545141e+00,-2.767928604164615169e+00
3.300000000000000000e+01,1.468533170005182171e+02,3.955064933383333425e+01,-5.632787630483333174e+01,6.377369524999999761e+00,-2.767928604164615169e+00
3.300000000000000000e+01,1.470524977077560322e+02,3.936521297830303467e+01,-5.640058301457575851e+01,6.377585260545454382e+00,-2.767928604164615169e+00
3.300000000000000000e+01,1.472516784149938474e+02,3.917977662277272799e+01,-5.647328972431817817e+01,6.377800996090909003e+00,-2.767928604164615169e+00
3.300000000000000000e+01,1.474508591222316625e+02,3.899434026724242841e+01,-5.654599643406060494e+01,6.378016731636363623e+00,-2.767928604164615169e+00
3.300000000000000000e+01,1.476500398294694776e+02,3.880890391171212173e+01,-5.661870314380303171e+01,6.378232467181818244e+00,-2.767928604164615169e+00
3.300000000000000000e+01,1.478492205367072927e+02,3.862346755618182215e+01,-5.669140985354545137e+01,6.378448202727272864e+00,-2.767928604164615169e+00
3.300000000000000000e+01,1.480484012439451078e+02,3.843803120065151546e+01,-5.676411656328787814e+01,6.378663938272726597e+00,-2.767928604164615169e+00
3.300000000000000000e+01,1.482475819511829229e+02,3.825259484512121588e+01,-5.683682327303030490e+01,6.378879673818181217e+00,-2.767928604164615169e+00
3.300000000000000000e+01,1.484467626584207380e+02,3.806715848959090920e+01,-5.690952998277272457e+01,6.379095409363635838e+00,-2.767928604164615169e+00
3.300000000000000000e+01,1.486459433656585531e+02,3.788172213406060962e+01,-5.698223669251515133e+01,6.379311144909090459e+00,-2.767928604164615169e+00
3.300000000000000000e+01,1.488451240728963683e+02,3.769628577853031004e+01,-5.705494340225757099e+01,6.379526880454545079e+00,-2.767928604164615169e+00
3.400000000000000000e+01,1.490443047801341834e+02,3.751084942300000336e+01,-5.712765011199999776e+01,6.379742615999999700e+00,-2.698038122549283546e+00
3.400000000000000000e+01,1.492337415659292503e+02,3.733974562227778193e+01,-5.720894668844444197e+01,6.380549987777777154e+00,-2.698038122549283546e+00
3.400000000000000000e+01,1.494231783517243173e+02,3.716864182155556051e+01,-5.729024326488888619e+01,6.381357359555555497e+00,-2.698038122549283546e+00
3.400000000000000000e+01,1.496126151375193842e+02,3.699753802083333909e+01,-5.737153984133333040e+01,6.382164731333332952e+00,-2.698038122549283546e+00
3.400000000000000000e+01,1.498020519233144512e+02,3.682643422011111767e+01,-5.745283641777777461e+01,6.382972103111111295e+00,-2.698038122549283546e+00
3.400000000000000000e+01,1.499914887091094897e+02,3.665533041938888914e+01,-5.753413299422221883e+01,6.383779474888888750e+00,-2.698038122549283546e+00
3.400000000000000000e+01,1.501809254949045567e+02,3.648422661866666772e+01,-5.761542957066666304e+01,6.384586846666666204e+00,-2.698038122549283546e+00
3.400000000000000000e+01,1.503703622806996236e+02,3.631312281794444630e+01,-5.769672614711110725e+01,6.385394218444444547e+00,-2.698038122549283546e+00
3.400000000000000000e+01,1.505597990664946906e+02,3.614201901722222487e+01,-5.777802272355555147e+01,6.386201590222222002e+00,-2.698038122549283546e+00
3.400000000000000000e+01,1.507492358522897575e+02,3.597091521650000345e+01,-5.785931929999999568e+01,6.387008961999999457e+00,-2.698038122549283546e+00
3.400000000000000000e+01,1.509386726380848245e+02,3.579981141577778203e+01,-5.794061587644444700e+01,6.387816333777777800e+00,-2.698038122549283546e+00
3.400000000000000000e+01,1.511281094238798914e+02,3.562870761505556061e+01,-5.802191245288889121e+01,6.388623705555555254e+00,-2.698038122549283546e+00
3.400000000000000000e+01,1.513175462096749584e+02,3.545760381433333919e+01,-5.810320902933333542e+01,6.389431077333333597e+00,-2.698038122549283546e+00
3.400000000000000000e+01,1.515069829954700253e+02,3.528650001361111777e+01,-5.818450560577777964e+01,6.390238449111111052e+00,-2.698038122549283546e+00
3.400000000000000000e+01,1.516964197812650639e+02,3.511539621288889634e+01,-5.826580218222222385e+01,6.391045820888888507e+00,-2.698038122549283546e+00
3.400000000000000000e+01,1.518858565670601308e+02,3.494429241216666782e+01,-5.834709875866666806e+01,6.391853192666666850e+00,-2.698038122549283546e+00
3.400000000000000000e+01,1.520752933528551978e+02,3.477318861144444639e+01,-5.842839533511111227e+01,6.392660564444444304e+00,-2.698038122549283546e+00
3.400000000000000000e+01,1.522647301386502647e+02,3.460208481072222497e+01,-5.850969191155555649e+01,6.393467936222222647e+00,-2.698038122549283546e+00
3.500000000000000000e+01,1.524541669244453317e+02,3.443098101000000355e+01,-5.859098848800000070e+01,6.394275308000000102e+00,-2.126159179742929339e+00
3.500000000000000000e+01,1.526328468056952659e+02,3.433779271800000288e+01,-5.874116904533333638e+01,6.368040933666666348e+00,-2.126159179742929339e+00
3.500000000000000000e+01,1.528115266869452000e+02,3.424460442600000221e+01,-5.889134960266666496e+01,6.341806559333333482e+00,-2.126159179742929339e+00
3.600000000000000000e+01,1.529902065681951342e+02,3.415141613400000153e+01,-5.904153016000000065e+01,6.315572184999999727e+00,-2.900078676100615205e+00
3.600000000000000000e+01,1.531889295612581918e+02,3.395847150437499806e+01,-5.908905665598749835e+01,6.317676953387500127e+00,-2.900078676100615205e+00
3.600000000000000000e+01,1.533876525543212779e+02,3.376552687475000170e+01,-5.913658315197500315e+01,6.319781721774999639e+00,-2.900078676100615205e+00
3.600000000000000000e+01,1.535863755473843355e+02,3.357258224512499822e+01,-5.918410964796250084e+01,6.321886490162500039e+00,-2.900078676100615205e+00
3.600000000000000000e+01,1.537850985404473931e+02,3.337963761550000186e+01,-5.923163614394999854e+01,6.323991258549999550e+00,-2.900078676100615205e+00
3.600000000000000000e+01,1.539838215335104508e+02,3.318669298587499839e+01,-5.927916263993750334e+01,6.326096026937499950e+00,-2.900078676100615205e+00
3.600000000000000000e+01,1.541825445265735368e+02,3.299374835625000202e+01,-5.932668913592500104e+01,6.328200795324999461e+00,-2.900078676100615205e+00
3.600000000000000000e+01,1.543812675196365944e+02,3.280080372662499855e+01,-5.937421563191249874e+01,6.330305563712499861e+00,-2.900078676100615205e+00
3.600000000000000000e+01,1.545799905126996521e+02,3.260785909700000218e+01,-5.942174212790000354e+01,6.332410332099999373e+00,-2.900078676100615205e+00
3.600000000000000000e+01,1.547787135057627381e+02,3.241491446737499871e+01,-5.946926862388750124e+01,6.334515100487499772e+00,-2.900078676100615205e+00
3.600000000000000000e+01,1.549774364988257958e+02,3.222196983775000234e+01,-5.951679511987499893e+01,6.336619868874999284e+00,-2.900078676100615205e+00
3.600000000000000000e+01,1.551761594918888534e+02,3.202902520812499887e+01,-5.956432161586250373e+01,6.338724637262499684e+00,-2.900078676100615205e+00
3.600000000000000000e+01,1.553748824849519110e+02,3.183608057850000250e+01,-5.961184811185000143e+01,6.340829405650000083e+00,-2.900078676100615205e+00
3.600000000000000000e+01,1.555736054780149971e+02,3.164313594887500258e+01,-5.965937460783749913e+01,6.342934174037499595e+00,-2.900078676100615205e+00
3.600000000000000000e+01,1.557723284710780547e+02,3.145019131925000266e+01,-5.970690110382500393e+01,6.345038942424999995e+00,-2.900078676100615205e+00
3.600000000000000000e+01,1.559710514641411123e+02,3.125724668962500274e+01,-5.975442759981250163e+01,6.347143710812499506e+00,-2.900078676100615205e+00
3.600000000000000000e+01,1.561697744572041984e+02,3.106430206000000283e+01,-5.980195409579999932e+01,6.349248479199999906e+00,-2.900078676100615205e+00
3.600000000000000000e+01,1.563684974502672560e+02,3.087135743037499935e+01,-5.984948059178750412e+01,6.351353247587499418e+00,-2.900078676100615205e+00
3.600000000000000000e+01,1.565672204433303136e+02,3.067841280075000299e+01,-5.989700708777500182e+01,6.353458015974999817e+00,-2.900078676100615205e+00
3.600000000000000000e+01,1.567659434363933713e+02,3.048546817112499951e+01,-5.994453358376249952e+01,6.355562784362499329e+00,-2.900078676100615205e+00
3.600000000000000000e+01,1.569646664294564573e+02,3.029252354150000315e+01,-5.999206007975000432e+01,6.357667552749999729e+00,-2.900078676100615205e+00
3.600000000000000000e+01,1.571633894225195149e+02,3.009957891187499968e+01,-6.003958657573750202e+01,6.359772321137500128e+00,-2.900078676100615205e+00
3.600000000000000000e+01,1.573621124155825726e+02,2.990663428224999976e+01,-6.008711307172499971e+01,6.361877089524999640e+00,-2.900078676100615205e+00
3.600000000000000000e+01,1.575608354086456586e+02,2.971368965262499984e+01,-6.013463956771249741e+01,6.363981857912500040e+00,-2.900078676100615205e+00
3.600000000000000000e+01,1.577595584017087162e+02,2.952074502299999992e+01,-6.018216606370000221e+01,6.366086626299999551e+00,-2.900078676100615205e+00
3.600000000000000000e+01,1.579582813947717739e+02,2.932780039337500000e+01,-6.022969255968749991e+01,6.368191394687499951e+00,-2.900078676100615205e+00
3.600000000000000000e+01,1.581570043878348315e+02,2.913485576375000008e+01,-6.027721905567499761e+01,6.370296163074999463e+00,-2.900078676100615205e+00
3.600000000000000000e+01,1.583557273808979176e+02,2.894191113412500016e+01,-6.032474555166250241e+01,6.372400931462499862e+00,-2.900078676100615205e+00
3.600000000000000000e+01,1.585544503739609752e+02,2.874896650450000024e+01,-6.037227204765000010e+01,6.374505699849999374e+00,-2.900078676100615205e+00
3.600000000000000000e+01,1.587531733670240328e+02,2.855602187487500032e+01,-6.041979854363749780e+01,6.376610468237499774e+00,-2.900078676100615205e+00
3.600000000000000000e+01,1.589518963600871189e+02,2.836307724525000040e+01,-6.046732503962500260e+01,6.378715236625000173e+00,-2.900078676100615205e+00
3.600000000000000000e+01,1.591506193531501765e+02,2.817013261562500048e+01,-6.051485153561250030e+01,6.380820005012499685e+00,-2.900078676100615205e+00
3.600000000000000000e+01,1.593493423462132341e+02,2.797718798600000056e+01,-6.056237803159999800e+01,6.382924773400000085e+00,-2.900078676100615205e+00
3.600000000000000000e+01,1.595480653392763202e+02,2.778424335637500064e+01,-6.060990452758750280e+01,6.385029541787499596e+00,-2.900078676100615205e+00
3.600000000000000000e+01,1.597467883323393778e+02,2.759129872675000072e+01,-6.065743102357500049e+01,6.387134310174999996e+00,-2.900078676100615205e+00
3.600000000000000000e+01,1.599455113254024354e+02,2.739835409712500081e+01,-6.070495751956249819e+01,6.389239078562499508e+00,-2.900078676100615205e+00
3.600000000000000000e+01,1.601442343184654931e+02,2.720540946750000089e+01,-6.075248401555000299e+01,6.391343846949999907e+00,-2.900078676100615205e+00
3.600000000000000000e+01,1.603429573115285791e+02,2.701246483787500097e+01,-6.080001051153750069e+01,6.393448615337499419e+00,-2.900078676100615205e+00
3.600000000000000000e+01,1.605416803045916367e+02,2.681952020825000105e+01,-6.084753700752499839e+01,6.395553383724999819e+00,-2.900078676100615205e+00
3.600000000000000000e+01,1.607404032976546944e+02,2.662657557862500113e+01,-6.089506350351250319e+01,6.397658152112499330e+00,-2.900078676100615205e+00
3.600000000000000000e+01,1.609391262907177804e+02,2.643363094900000121e+01,-6.094258999950000089e+01,6.399762920499999730e+00,-2.900078676100615205e+00
3.600000000000000000e+01,1.611378492837808381e+02,2.624068631937500129e+01,-6.099011649548749858e+01,6.401867688887500130e+00,-2.900078676100615205e+00
3.600000000000000000e+01,1.613365722768438957e+02,2.604774168975000137e+01,-6.103764299147500338e+01,6.403972457274999641e+00,-2.900078676100615205e+00
3.600000000000000000e+01,1.615352952699069533e+02,2.585479706012500145e+01,-6.108516948746250108e+01,6.406077225662500041e+00,-2.900078676100615205e+00
3.600000000000000000e+01,1.617340182629700394e+02,2.566185243049999798e+01,-6.113269598344999878e+01,6.408181994049999552e+00,-2.900078676100615205e+00
3.600000000000000000e+01,1.619327412560330970e+02,2.546890780087500161e+01,-6.118022247943750358e+01,6.410286762437499952e+00,-2.900078676100615205e+00
3.600000000000000000e+01,1.621314642490961546e+02,2.527596317124999814e+01,-6.122774897542500128e+01,6.412391530824999464e+00,-2.900078676100615205e+00
3.600000000000000000e+01,1.623301872421592407e+02,2.508301854162500177e+01,-6.127527547141249897e+01,6.414496299212499864e+00,-2.900078676100615205e+00
3.600000000000000000e+01,1.625289102352222983e+02,2.489007391199999830e+01,-6.132280196740000378e+01,6.416601067599999375e+00,-2.900078676100615205e+00
3.600000000000000000e+01,1.627276332282853559e+02,2.469712928237500194e+01,-6.137032846338750147e+01,6.418705835987499775e+00,-2.900078676100615205e+00
3.600000000000000000e+01,1.629263562213484136e+02,2.450418465275000202e+01,-6.141785495937499917e+01,6.420810604374999286e+00,-2.900078676100615205e+00
3.600000000000000000e+01,1.631250792144114996e+02,2.431124002312500210e+01,-6.146538145536250397e+01,6.422915372762499686e+00,-2.900078676100615205e+00
3.600000000000000000e+01,1.633238022074745572e+02,2.411829539349999862e+01,-6.151290795135000167e+01,6.425020141150000086e+00,-2.900078676100615205e+00
3.600000000000000000e+01,1.635225252005376149e+02,2.392535076387500226e+01,-6.156043444733749936e+01,6.427124909537499597e+00,-2.900078676100615205e+00
3.600000000000000000e+01,1.637212481936007009e+02,2.373240613424999879e+01,-6.160796094332500417e+01,6.429229677924999997e+00,-2.900078676100615205e+00
3.600000000000000000e+01,1.639199711866637585e+02,2.353946150462500242e+01,-6.165548743931250186e+01,6.431334446312499509e+00,-2.900078676100615205e+00
3.600000000000000000e+01,1.641186941797268162e+02,2.334651687499999895e+01,-6.170301393529999956e+01,6.433439214699999908e+00,-2.900078676100615205e+00
3.600000000000000000e+01,1.643174171727898738e+02,2.315357224537500258e+01,-6.175054043128750436e+01,6.435543983087499420e+00,-2.900078676100615205e+00
3.600000000000000000e+01,1.645161401658529599e+02,2.296062761574999911e+01,-6.179806692727500206e+01,6.437648751474999820e+00,-2.900078676100615205e+00
3.600000000000000000e+01,1.647148631589160175e+02,2.276768298612500274e+01,-6.184559342326249975e+01,6.439753519862499331e+00,-2.900078676100615205e+00
3.600000000000000000e+01,1.649135861519790751e+02,2.257473835649999927e+01,-6.189311991924999745e+01,6.441858288249999731e+00,-2.900078676100615205e+00
3.600000000000000000e+01,1.651123091450421612e+02,2.238179372687499935e+01,-6.194064641523750225e+01,6.443963056637500131e+00,-2.900078676100615205e+00
3.600000000000000000e+01,1.653110321381052188e+02,2.218884909724999943e+01,-6.198817291122499995e+01,6.446067825024999642e+00,-2.900078676100615205e+00
3.600000000000000000e+01,1.655097551311682764e+02,2.199590446762499951e+01,-6.203569940721250475e+01,6.448172593412500042e+00,-2.900078676100615205e+00
3.600000000000000000e+01,1.657084781242313340e+02,2.180295983799999959e+01,-6.208322590320000245e+01,6.450277361799999554e+00,-2.900078676100615205e+00
3.600000000000000000e+01,1.659072011172944201e+02,2.161001520837500323e+01,-6.213075239918750015e+01,6.452382130187499953e+00,-2.900078676100615205e+00
3.600000000000000000e+01,1.661059241103574777e+02,2.141707057874999975e+01,-6.217827889517499784e+01,6.454486898574999465e+00,-2.900078676100615205e+00
3.600000000000000000e+01,1.663046471034205354e+02,2.122412594912499983e+01,-6.222580539116250264e+01,6.456591666962499865e+00,-2.900078676100615205e+00
3.600000000000000000e+01,1.665033700964836214e+02,2.103118131949999992e+01,-6.227333188715000034e+01,6.458696435349999376e+00,-2.900078676100615205e+00
3.600000000000000000e+01,1.667020930895466790e+02,2.083823668987500000e+01,-6.232085838313749804e+01,6.460801203737499776e+00,-2.900078676100615205e+00
3.600000000000000000e+01,1.669008160826097367e+02,2.064529206025000008e+01,-6.236838487912500284e+01,6.462905972125000176e+00,-2.900078676100615205e+00
3.600000000000000000e+01,1.670995390756727943e+02,2.045234743062500016e+01,-6.241591137511250054e+01,6.465010740512499687e+00,-2.900078676100615205e+00
3.600000000000000000e+01,1.672982620687358803e+02,2.025940280100000024e+01,-6.246343787109999823e+01,6.467115508900000087e+00,-2.900078676100615205e+00
3.600000000000000000e+01,1.674969850617989380e+02,2.006645817137500032e+01,-6.251096436708750304e+01,6.469220277287499599e+00,-2.900078676100615205e+00
3.600000000000000000e+01,1.676957080548619956e+02,1.987351354175000040e+01,-6.255849086307500073e+01,6.471325045674999998e+00,-2.900078676100615205e+00
3.600000000000000000e+01,1.678944310479250817e+02,1.968056891212500048e+01,-6.260601735906249843e+01,6.473429814062499510e+00,-2.900078676100615205e+00
3.600000000000000000e+01,1.680931540409881393e+02,1.948762428250000056e+01,-6.265354385505000323e+01,6.475534582449999910e+00,-2.900078676100615205e+00
3.600000000000000000e+01,1.682918770340511969e+02,1.929467965287500064e+01,-6.270107035103750093e+01,6.477639350837499421e+00,-2.900078676100615205e+00
3.600000000000000000e+01,1.684906000271142830e+02,1.910173502325000072e+01,-6.274859684702499862e+01,6.479744119224999821e+00,-2.900078676100615205e+00
3.600000000000000000e+01,1.686893230201773406e+02,1.890879039362500080e+01,-6.279612334301250343e+01,6.481848887612499333e+00,-2.900078676100615205e+00
3.700000000000000000e+01,1.688880460132403982e+02,1.871584576400000088e+01,-6.284364983900000112e+01,6.483953655999999732e+00,2.960564831360110283e+00
3.700000000000000000e+01,1.690543304679076471e+02,1.855235101137500209e+01,-6.281372513537500168e+01,6.488903185374999438e+00,2.960564831360110283e+00
3.700000000000000000e+01,1.692206149225749243e+02,1.838885625874999974e+01,-6.278380043174999514e+01,6.493852714750000032e+00,2.960564831360110283e+00
3.700000000000000000e+01,1.693868993772421732e+02,1.822536150612499739e+01,-6.275387572812499570e+01,6.498802244125000627e+00,2.960564831360110283e+00
3.800000000000000000e+01,1.695531838319094504e+02,1.806186675349999859e+01,-6.272395102449999627e+01,6.503751773500000333e+00,-3.087023045978614100e+00
3.800000000000000000e+01,1.697531039445275098e+02,1.786224954133009746e+01,-6.273485488291261447e+01,6.505209822349514504e+00,-3.087023045978614100e+00
3.800000000000000000e+01,1.699530240571455408e+02,1.766263232916019277e+01,-6.274575874132523978e+01,6.506667871199029562e+00,-3.087023045978614100e+00
3.800000000000000000e+01,1.701529441697636003e+02,1.746301511699029163e+01,-6.275666259973785799e+01,6.508125920048543733e+00,-3.087023045978614100e+00
3.800000000000000000e+01,1.703528642823816597e+02,1.726339790482038694e+01,-6.276756645815048330e+01,6.509583968898058792e+00,-3.087023045978614100e+00
3.800000000000000000e+01,1.705527843949996907e+02,1.706378069265048580e+01,-6.277847031656310151e+01,6.511042017747572963e+00,-3.087023045978614100e+00
3.800000000000000000e+01,1.707527045076177501e+02,1.686416348048058111e+01,-6.278937417497572682e+01,6.512500066597088022e+00,-3.087023045978614100e+00
3.800000000000000000e+01,1.709526246202358095e+02,1.666454626831067998e+01,-6.280027803338834502e+01,6.513958115446602193e+00,-3.087023045978614100e+00
3.800000000000000000e+01,1.711525447328538689e+02,1.646492905614077529e+01,-6.281118189180097033e+01,6.515416164296116364e+00,-3.087023045978614100e+00
3.800000000000000000e+01,1.713524648454718999e+02,1.626531184397087415e+01,-6.282208575021358854e+01,6.516874213145631423e+00,-3.087023045978614100e+00
3.800000000000000000e+01,1.715523849580899594e+02,1.606569463180096946e+01,-6.283298960862620675e+01,6.518332261995145593e+00,-3.087023045978614100e+00
3.800000000000000000e+01,1.717523050707080188e+02,1.586607741963106655e+01,-6.284389346703883206e+01,6.519790310844660652e+00,-3.087023045978614100e+00
3.800000000000000000e+01,1.719522251833260498e+02,1.566646020746116363e+01,-6.285479732545145026e+01,6.521248359694174823e+00,-3.087023045978614100e+00
3.800000000000000000e+01,1.721521452959441092e+02,1.546684299529126072e+01,-6.286570118386407557e+01,6.522706408543689882e+00,-3.087023045978614100e+00
3.800000000000000000e+01,1.723520654085621686e+02,1.526722578312135781e+01,-6.287660504227669378e+01,6.524164457393204053e+00,-3.087023045978614100e+00
3.800000000000000000e+01,1.725519855211801996e+02,1.506760857095145489e+01,-6.288750890068931909e+01,6.525622506242719112e+00,-3.087023045978614100e+00
3.800000000000000000e+01,1.727519056337982590e+02,1.486799135878155198e+01,-6.289841275910193730e+01,6.527080555092233283e+00,-3.087023045978614100e+00
3.800000000000000000e+01,1.729518257464163185e+02,1.466837414661164907e+01,-6.290931661751456261e+01,6.528538603941747454e+00,-3.087023045978614100e+00
3.800000000000000000e+01,1.731517458590343779e+02,1.446875693444174615e+01,-6.292022047592718081e+01,6.529996652791262512e+00,-3.087023045978614100e+00
3.800000000000000000e+01,1.733516659716524089e+02,1.426913972227184502e+01,-6.293112433433979902e+01,6.531454701640776683e+00,-3.087023045978614100e+00
3.800000000000000000e+01,1.735515860842704683e+02,1.406952251010194033e+01,-6.294202819275242433e+01,6.532912750490291742e+00,-3.087023045978614100e+00
3.800000000000000000e+01,1.737515061968885277e+02,1.386990529793203919e+01,-6.295293205116504254e+01,6.534370799339805913e+00,-3.087023045978614100e+00
3.800000000000000000e+01,1.739514263095065587e+02,1.367028808576213450e+01,-6.296383590957766785e+01,6.535828848189320972e+00,-3.087023045978614100e+00
3.800000000000000000e+01,1.741513464221246181e+02,1.347067087359223336e+01,-6.297473976799028605e+01,6.537286897038835143e+00,-3.087023045978614100e+00
3.800000000000000000e+01,1.743512665347426775e+02,1.327105366142232867e+01,-6.298564362640291137e+01,6.538744945888349314e+00,-3.087023045978614100e+00
3.800000000000000000e+01,1.745511866473607085e+02,1.307143644925242754e+01,-6.299654748481552957e+01,6.540202994737864373e+00,-3.087023045978614100e+00
3.800000000000000000e+01,1.747511067599787680e+02,1.287181923708252285e+01,-6.300745134322815488e+01,6.541661043587378543e+00,-3.087023045978614100e+00
3.800000000000000000e+01,1.749510268725968274e+02,1.267220202491262171e+01,-6.301835520164077309e+01,6.543119092436893602e+00,-3.087023045978614100e+00
3.800000000000000000e+01,1.751509469852148584e+02,1.247258481274271702e+01,-6.302925906005339129e+01,6.544577141286407773e+00,-3.087023045978614100e+00
3.800000000000000000e+01,1.753508670978329178e+02,1.227296760057281588e+01,-6.304016291846601661e+01,6.546035190135922832e+00,-3.087023045978614100e+00
3.800000000000000000e+01,1.755507872104509772e+02,1.207335038840291119e+01,-6.305106677687863481e+01,6.547493238985437003e+00,-3.087023045978614100e+00
3.800000000000000000e+01,1.757507073230690366e+02,1.187373317623301006e+01,-6.306197063529126012e+01,6.548951287834952062e+00,-3.087023045978614100e+00
3.800000000000000000e+01,1.759506274356870676e+02,1.167411596406310537e+01,-6.307287449370387833e+01,6.550409336684466233e+00,-3.087023045978614100e+00
3.800000000000000000e+01,1.761505475483051271e+02,1.147449875189320423e+01,-6.308377835211650364e+01,6.551867385533980404e+00,-3.087023045978614100e+00
3.800000000000000000e+01,1.763504676609231865e+02,1.127488153972329954e+01,-6.309468221052912185e+01,6.553325434383495462e+00,-3.087023045978614100e+00
3.800000000000000000e+01,1.765503877735412175e+02,1.107526432755339840e+01,-6.310558606894174716e+01,6.554783483233009633e+00,-3.087023045978614100e+00
3.800000000000000000e+01,1.767503078861592769e+02,1.087564711538349549e+01,-6.311648992735436536e+01,6.556241532082524692e+00,-3.087023045978614100e+00
3.800000000000000000e+01,1.769502279987773363e+02,1.067602990321359258e+01,-6.312739378576699067e+01,6.557699580932038863e+00,-3.087023045978614100e+00
3.800000000000000000e+01,1.771501481113953673e+02,1.047641269104368966e+01,-6.313829764417960888e+01,6.559157629781553922e+00,-3.087023045978614100e+00
3.800000000000000000e+01,1.773500682240134267e+02,1.027679547887378675e+01,-6.314920150259222709e+01,6.560615678631068093e+00,-3.087023045978614100e+00
3.800000000000000000e+01,1.775499883366314862e+02,1.007717826670388384e+01,-6.316010536100485240e+01,6.562073727480582264e+00,-3.087023045978614100e+00
3.800000000000000000e+01,1.777499084492495172e+02,9.877561054533980922e+00,-6.317100921941747060e+01,6.563531776330097323e+00,-3.087023045978614100e+00
3.800000000000000000e+01,1.779498285618675766e+02,9.677943842364078009e+00,-6.318191307783009592e+01,6.564989825179611493e+00,-3.087023045978614100e+00
3.800000000000000000e+01,1.781497486744856360e+02,9.478326630194175095e+00,-6.319281693624271412e+01,6.566447874029126552e+00,-3.087023045978614100e+00
3.800000000000000000e+01,1.783496687871036954e+02,9.278709418024272182e+00,-6.320372079465533943e+01,6.567905922878640723e+00,-3.087023045978614100e+00
3.800000000000000000e+01,1.785495888997217264e+02,9.079092205854369269e+00,-6.321462465306795764e+01,6.569363971728155782e+00,-3.087023045978614100e+00
3.800000000000000000e+01,1.787495090123397858e+02,8.879474993684466355e+00,-6.322552851148058295e+01,6.570822020577669953e+00,-3.087023045978614100e+00
3.800000000000000000e+01,1.789494291249578453e+02,8.679857781514563442e+00,-6.323643236989320116e+01,6.572280069427185012e+00,-3.087023045978614100e+00
3.800000000000000000e+01,1.791493492375758763e+02,8.480240569344660528e+00,-6.324733622830581936e+01,6.573738118276699183e+00,-3.087023045978614100e+00
3.800000000000000000e+01,1.793492693501939357e+02,8.280623357174757615e+00,-6.325824008671844467e+01,6.575196167126213354e+00,-3.087023045978614100e+00
3.800000000000000000e+01,1.795491894628119951e+02,8.081006145004854702e+00,-6.326914394513106288e+01,6.576654215975728413e+00,-3.087023045978614100e+00
3.800000000000000000e+01,1.797491095754300545e+02,7.881388932834951788e+00,-6.328004780354368819e+01,6.578112264825242583e+00,-3.087023045978614100e+00
3.800000000000000000e+01,1.799490296880480855e+02,7.681771720665048875e+00,-6.329095166195630640e+01,6.579570313674757642e+00,-3.087023045978614100e+00
3.800000000000000000e+01,1.801489498006661449e+02,7.482154508495145961e+00,-6.330185552036893171e+01,6.581028362524271813e+00,-3.087023045978614100e+00
3.800000000000000000e+01,1.803488699132842044e+02,7.282537296325243048e+00,-6.331275937878154991e+01,6.582486411373786872e+00,-3.087023045978614100e+00
3.800000000000000000e+01,1.805487900259022354e+02,7.082920084155340135e+00,-6.332366323719417522e+01,6.583944460223301043e+00,-3.087023045978614100e+00
3.800000000000000000e+01,1.807487101385202948e+02,6.883302871985437221e+00,-6.333456709560679343e+01,6.585402509072815214e+00,-3.087023045978614100e+00
3.800000000000000000e+01,1.809486302511383542e+02,6.683685659815534308e+00,-6.334547095401941164e+01,6.586860557922330273e+00,-3.087023045978614100e+00
3.800000000000000000e+01,1.811485503637563852e+02,6.484068447645631394e+00,-6.335637481243203695e+01,6.588318606771844443e+00,-3.087023045978614100e+00
3.800000000000000000e+01,1.813484704763744446e+02,6.284451235475728481e+00,-6.336727867084465515e+01,6.589776655621359502e+00,-3.087023045978614100e+00
3.800000000000000000e+01,1.815483905889925040e+02,6.084834023305825568e+00,-6.337818252925728046e+01,6.591234704470873673e+00,-3.087023045978614100e+00
3.800000000000000000e+01,1.817483107016105350e+02,5.885216811135922654e+00,-6.338908638766989867e+01,6.592692753320388732e+00,-3.087023045978614100e+00
3.800000000000000000e+01,1.819482308142285945e+02,5.685599598966019741e+00,-6.339999024608252398e+01,6.594150802169902903e+00,-3.087023045978614100e+00
3.800000000000000000e+01,1.821481509268466539e+02,5.485982386796116828e+00,-6.341089410449514219e+01,6.595608851019417962e+00,-3.087023045978614100e+00
3.800000000000000000e+01,1.823480710394646849e+02,5.286365174626213914e+00,-6.342179796290776750e+01,6.597066899868932133e+00,-3.087023045978614100e+00
3.800000000000000000e+01,1.825479911520827443e+02,5.086747962456311001e+00,-6.343270182132038570e+01,6.598524948718446304e+00,-3.087023045978614100e+00
3.800000000000000000e+01,1.827479112647008037e+02,4.887130750286408087e+00,-6.344360567973300391e+01,6.599982997567961363e+00,-3.087023045978614100e+00
3.800000000000000000e+01,1.829478313773188631e+02,4.687513538116505174e+00,-6.345450953814562922e+01,6.601441046417475533e+00,-3.087023045978614100e+00
3.800000000000000000e+01,1.831477514899368941e+02,4.487896325946602261e+00,-6.346541339655824743e+01,6.602899095266990592e+00,-3.087023045978614100e+00
3.800000000000000000e+01,1.833476716025549536e+02,4.288279113776701124e+00,-6.347631725497087274e+01,6.604357144116504763e+00,-3.087023045978614100e+00
3.800000000000000000e+01,1.835475917151730130e+02,4.088661901606798210e+00,-6.348722111338349094e+01,6.605815192966019822e+00,-3.087023045978614100e+00
3.800000000000000000e+01,1.837475118277910440e+02,3.889044689436895297e+00,-6.349812497179611626e+01,6.607273241815533993e+00,-3.087023045978614100e+00
3.800000000000000000e+01,1.839474319404091034e+02,3.689427477266992383e+00,-6.350902883020873446e+01,6.608731290665048164e+00,-3.087023045978614100e+00
3.800000000000000000e+01,1.841473520530271628e+02,3.489810265097089470e+00,-6.351993268862135977e+01,6.610189339514563223e+00,-3.087023045978614100e+00
3.800000000000000000e+01,1.843472721656451938e+02,3.290193052927186557e+00,-6.353083654703397798e+01,6.611647388364077393e+00,-3.087023045978614100e+00
3.800000000000000000e+01,1.845471922782632532e+02,3.090575840757283643e+00,-6.354174040544659618e+01,6.613105437213592452e+00,-3.087023045978614100e+00
3.800000000000000000e+01,1.847471123908813126e+02,2.890958628587380730e+00,-6.355264426385922150e+01,6.614563486063106623e+00,-3.087023045978614100e+00
3.800000000000000000e+01,1.849470325034993721e+02,2.691341416417477816e+00,-6.356354812227183970e+01,6.616021534912621682e+00,-3.087023045978614100e+00
3.800000000000000000e+01,1.851469526161174031e+02,2.491724204247574903e+00,-6.357445198068446501e+01,6.617479583762135853e+00,-3.087023045978614100e+00
3.800000000000000000e+01,1.853468727287354625e+02,2.292106992077671990e+00,-6.358535583909708322e+01,6.618937632611650912e+00,-3.087023045978614100e+00
3.800000000000000000e+01,1.855467928413535219e+02,2.092489779907769076e+00,-6.359625969750970853e+01,6.620395681461165083e+00,-3.087023045978614100e+00
3.800000000000000000e+01,1.857467129539715529e+02,1.892872567737864387e+00,-6.360716355592232674e+01,6.621853730310679254e+00,-3.087023045978614100e+00
3.800000000000000000e+01,1.859466330665896123e+02,1.693255355567963250e+00,-6.361806741433495205e+01,6.623311779160194313e+00,-3.087023045978614100e+00
3.800000000000000000e+01,1.861465531792076717e+02,1.493638143398058560e+00,-6.362897127274757025e+01,6.624769828009708483e+00,-3.087023045978614100e+00
3.800000000000000000e+01,1.863464732918257027e+02,1.294020931228157423e+00,-6.363987513116019556e+01,6.626227876859223542e+00,-3.087023045978614100e+00
3.800000000000000000e+01,1.865463934044437622e+02,1.094403719058252733e+00,-6.365077898957281377e+01,6.627685925708737713e+00,-3.087023045978614100e+00
3.800000000000000000e+01,1.867463135170618216e+02,8.947865068883515960e-01,-6.366168284798543198e+01,6.629143974558252772e+00,-3.087023045978614100e+00
3.800000000000000000e+01,1.869462336296798526e+02,6.951692947184469062e-01,-6.367258670639805729e+01,6.630602023407766943e+00,-3.087023045978614100e+00
3.800000000000000000e+01,1.871461537422979120e+02,4.955520825485457692e-01,-6.368349056481067549e+01,6.632060072257281114e+00,-3.087023045978614100e+00
3.800000000000000000e+01,1.873460738549159714e+02,2.959348703786410795e-01,-6.369439442322330081e+01,6.633518121106796173e+00,-3.087023045978614100e+00
3.800000000000000000e+01,1.875459939675340308e+02,9.631765820873994244e-02,-6.370529828163591901e+01,6.634976169956310343e+00,-3.087023045978614100e+00
3.800000000000000000e+01,1.877459140801520618e+02,-1.032995539611647473e-01,-6.371620214004854432e+01,6.636434218805825402e+00,-3.087023045978614100e+00
3.800000000000000000e+01,1.879458341927701213e+02,-3.029167661310658843e-01,-6.372710599846116253e+01,6.637892267655339573e+00,-3.087023045978614100e+00
3.800000000000000000e+01,1.881457543053881807e+02,-5.025339783009705741e-01,-6.373800985687378784e+01,6.639350316504854632e+00,-3.087023045978614100e+00
3.800000000000000000e+01,1.883456744180062117e+02,-7.021511904708717111e-01,-6.374891371528640605e+01,6.640808365354368803e+00,-3.087023045978614100e+00
3.800000000000000000e+01,1.885455945306242711e+02,-9.017684026407764009e-01,-6.375981757369902425e+01,6.642266414203882974e+00,-3.087023045978614100e+00
3.800000000000000000e+01,1.887455146432423305e+02,-1.101385614810677538e+00,-6.377072143211164956e+01,6.643724463053398033e+00,-3.087023045978614100e+00
3.800000000000000000e+01,1.889454347558603615e+02,-1.301002826980582228e+00,-6.378162529052426777e+01,6.645182511902912204e+00,-3.087023045978614100e+00
3.800000000000000000e+01,1.891453548684784209e+02,-1.500620039150483365e+00,-6.379252914893689308e+01,6.646640560752427263e+00,-3.087023045978614100e+00
3.800000000000000000e+01,1.893452749810964804e+02,-1.700237251320384502e+00,-6.380343300734951129e+01,6.648098609601941433e+00,-3.087023045978614100e+00
3.800000000000000000e+01,1.895451950937145398e+02,-1.899854463490289191e+00,-6.381433686576213660e+01,6.649556658451456492e+00,-3.087023045978614100e+00
3.800000000000000000e+01,1.897451152063325708e+02,-2.099471675660190328e+00,-6.382524072417475480e+01,6.651014707300970663e+00,-3.087023045978614100e+00
3.800000000000000000e+01,1.899450353189506302e+02,-2.299088887830095018e+00,-6.383614458258738011e+01,6.652472756150485722e+00,-3.087023045978614100e+00
3.900000000000000000e+01,1.901449554315686896e+02,-2.498706100000000152e+00,-6.384704844099999832e+01,6.653930804999999893e+00,-3.080244493358547775e+00
3.900000000000000000e+01,1.903341295956535077e+02,-2.687523744777777779e+00,-6.385864661005555121e+01,6.654424619055555823e+00,-3.080244493358547775e+00
3.900000000000000000e+01,1.905233037597383259e+02,-2.876341389555555850e+00,-6.387024477911111120e+01,6.654918433111110865e+00,-3.080244493358547775e+00
3.900000000000000000e+01,1.907124779238231440e+02,-3.065159034333333476e+00,-6.388184294816666409e+01,6.655412247166666795e+00,-3.080244493358547775e+00
3.900000000000000000e+01,1.909016520879079621e+02,-3.253976679111111547e+00,-6.389344111722221697e+01,6.655906061222221837e+00,-3.080244493358547775e+00
3.900000000000000000e+01,1.910908262519927803e+02,-3.442794323888889174e+00,-6.390503928627777697e+01,6.656399875277777767e+00,-3.080244493358547775e+00
3.900000000000000000e+01,1.912800004160775984e+02,-3.631611968666667245e+00,-6.391663745533332985e+01,6.656893689333332809e+00,-3.080244493358547775e+00
3.900000000000000000e+01,1.914691745801624165e+02,-3.820429613444444428e+00,-6.392823562438888274e+01,6.657387503388888739e+00,-3.080244493358547775e+00
3.900000000000000000e+01,1.916583487442472347e+02,-4.009247258222222499e+00,-6.393983379344444273e+01,6.657881317444443781e+00,-3.080244493358547775e+00
4.000000000000000000e+01,1.918475229083320528e+02,-4.198064903000000569e+00,-6.395143196249999562e+01,6.658375131499999711e+00,3.040702639232464755e+00
4.000000000000000000e+01,1.920472673536579862e+02,-4.396784533730337508e+00,-6.393131483369662504e+01,6.656463867606741580e+00,3.040702639232464755e+00
4.000000000000000000e+01,1.922470117989839196e+02,-4.595504164460674446e+00,-6.391119770489325447e+01,6.654552603713482561e+00,3.040702639232464755e+00
4.000000000000000000e+01,1.924467562443098245e+02,-4.794223795191012272e+00,-6.389108057608988389e+01,6.652641339820224431e+00,3.040702639232464755e+00
4.000000000000000000e+01,1.926465006896357579e+02,-4.992943425921349210e+00,-6.387096344728651331e+01,6.650730075926966300e+00,3.040702639232464755e+00
4.000000000000000000e+01,1.928462451349616913e+02,-5.191663056651686148e+00,-6.385084631848314274e+01,6.648818812033707282e+00,3.040702639232464755e+00
4.000000000000000000e+01,1.930459895802876247e+02,-5.390382687382023086e+00,-6.383072918967977216e+01,6.646907548140449151e+00,3.040702639232464755e+00
4.000000000000000000e+01,1.932457340256135581e+02,-5.589102318112360024e+00,-6.381061206087640159e+01,6.644996284247191021e+00,3.040702639232464755e+00
4.000000000000000000e+01,1.934454784709394630e+02,-5.787821948842697850e+00,-6.379049493207303101e+01,6.643085020353932002e+00,3.040702639232464755e+00
4.000000000000000000e+01,1.936452229162653964e+02,-5.986541579573034788e+00,-6.377037780326966043e+01,6.641173756460673872e+00,3.040702639232464755e+00
4.000000000000000000e+01,1.938449673615913298e+02,-6.185261210303371726e+00,-6.375026067446628986e+01,6.639262492567415741e+00,3.040702639232464755e+00
4.000000000000000000e+01,1.940447118069172632e+02,-6.383980841033708664e+00,-6.373014354566291928e+01,6.637351228674156722e+00,3.040702639232464755e+00
4.000000000000000000e+01,1.942444562522431966e+02,-6.582700471764045602e+00,-6.371002641685954870e+01,6.635439964780898592e+00,3.040702639232464755e+00
4.000000000000000000e+01,1.944442006975691299e+02,-6.781420102494383428e+00,-6.368990928805617813e+01,6.633528700887640461e+00,3.040702639232464755e+00
4.000000000000000000e+01,1.946439451428950349e+02,-6.980139733224719478e+00,-6.366979215925280755e+01,6.631617436994381443e+00,3.040702639232464755e+00
4.000000000000000000e+01,1.948436895882209683e+02,-7.178859363955057304e+00,-6.364967503044943697e+01,6.629706173101123312e+00,3.040702639232464755e+00
4.000000000000000000e+01,1.950434340335469017e+02,-7.377578994685394242e+00,-6.362955790164606640e+01,6.627794909207865182e+00,3.040702639232464755e+00
4.000000000000000000e+01,1.952431784788728351e+02,-7.576298625415731181e+00,-6.360944077284269582e+01,6.625883645314606163e+00,3.040702639232464755e+00
4.000000000000000000e+01,1.954429229241987684e+02,-7.775018256146069007e+00,-6.358932364403932525e+01,6.623972381421348032e+00,3.040702639232464755e+00
4.000000000000000000e+01,1.956426673695246734e+02,-7.973737886876405057e+00,-6.356920651523595467e+01,6.622061117528089902e+00,3.040702639232464755e+00
4.000000000000000000e+01,1.958424118148506068e+02,-8.172457517606742883e+00,-6.354908938643258409e+01,6.620149853634830883e+00,3.040702639232464755e+00
4.000000000000000000e+01,1.960421562601765402e+02,-8.371177148337078933e+00,-6.352897225762921352e+01,6.618238589741572753e+00,3.040702639232464755e+00
4.000000000000000000e+01,1.962419007055024736e+02,-8.569896779067416759e+00,-6.350885512882584294e+01,6.616327325848314622e+00,3.040702639232464755e+00
4.000000000000000000e+01,1.964416451508284069e+02,-8.768616409797754585e+00,-6.348873800002246526e+01,6.614416061955056492e+00,3.040702639232464755e+00
4.000000000000000000e+01,1.966413895961543119e+02,-8.967336040528090635e+00,-6.346862087121909468e+01,6.612504798061797473e+00,3.040702639232464755e+00
4.000000000000000000e+01,1.968411340414802453e+02,-9.166055671258428461e+00,-6.344850374241572410e+01,6.610593534168539342e+00,3.040702639232464755e+00
4.000000000000000000e+01,1.970408784868061787e+02,-9.364775301988764511e+00,-6.342838661361235353e+01,6.608682270275281212e+00,3.040702639232464755e+00
4.000000000000000000e+01,1.972406229321321121e+02,-9.563494932719102337e+00,-6.340826948480898295e+01,6.606771006382022193e+00,3.040702639232464755e+00
4.000000000000000000e+01,1.974403673774580454e+02,-9.762214563449440163e+00,-6.338815235600561238e+01,6.604859742488764063e+00,3.040702639232464755e+00
4.000000000000000000e+01,1.976401118227839504e+02,-9.960934194179777990e+00,-6.336803522720224180e+01,6.602948478595505932e+00,3.040702639232464755e+00
4.000000000000000000e+01,1.978398562681098838e+02,-1.015965382491011404e+01,-6.334791809839887122e+01,6.601037214702246914e+00,3.040702639232464755e+00
4.000000000000000000e+01,1.980396007134358172e+02,-1.035837345564045009e+01,-6.332780096959550065e+01,6.599125950808988783e+00,3.040702639232464755e+00
4.000000000000000000e+01,1.982393451587617506e+02,-1.055709308637078792e+01,-6.330768384079213007e+01,6.597214686915730653e+00,3.040702639232464755e+00
4.000000000000000000e+01,1.984390896040876839e+02,-1.075581271710112574e+01,-6.328756671198875949e+01,6.595303423022471634e+00,3.040702639232464755e+00
4.000000000000000000e+01,1.986388340494136173e+02,-1.095453234783146179e+01,-6.326744958318538892e+01,6.593392159129213503e+00,3.040702639232464755e+00
4.000000000000000000e+01,1.988385784947395223e+02,-1.115325197856179784e+01,-6.324733245438201834e+01,6.591480895235955373e+00,3.040702639232464755e+00
4.000000000000000000e+01,1.990383229400654557e+02,-1.135197160929213567e+01,-6.322721532557864776e+01,6.589569631342696354e+00,3.040702639232464755e+00
4.000000000000000000e+01,1.992380673853913891e+02,-1.155069124002247349e+01,-6.320709819677527719e+01,6.587658367449438224e+00,3.040702639232464755e+00
4.000000000000000000e+01,1.994378118307173224e+02,-1.174941087075281132e+01,-6.318698106797190661e+01,6.585747103556180093e+00,3.040702639232464755e+00
4.000000000000000000e+01,1.996375562760432558e+02,-1.194813050148314737e+01,-6.316686393916853604e+01,6.583835839662921074e+00,3.040702639232464755e+00
4.000000000000000000e+01,1.998373007213691608e+02,-1.214685013221348342e+01,-6.314674681036516546e+01,6.581924575769662944e+00,3.040702639232464755e+00
4.000000000000000000e+01,2.000370451666950942e+02,-1.234556976294382302e+01,-6.312662968156179488e+01,6.580013311876404813e+00,3.040702639232464755e+00
4.000000000000000000e+01,2.002367896120210276e+02,-1.254428939367415907e+01,-6.310651255275842431e+01,6.578102047983145795e+00,3.040702639232464755e+00
4.000000000000000000e+01,2.004365340573469609e+02,-1.274300902440449512e+01,-6.308639542395505373e+01,6.576190784089887664e+00,3.040702639232464755e+00
4.000000000000000000e+01,2.006362785026728943e+02,-1.294172865513483295e+01,-6.306627829515168315e+01,6.574279520196629534e+00,3.040702639232464755e+00
4.000000000000000000e+01,2.008360229479987993e+02,-1.314044828586517077e+01,-6.304616116634831258e+01,6.572368256303370515e+00,3.040702639232464755e+00
4.000000000000000000e+01,2.010357673933247327e+02,-1.333916791659550682e+01,-6.302604403754494200e+01,6.570456992410112385e+00,3.040702639232464755e+00
4.000000000000000000e+01,2.012355118386506660e+02,-1.353788754732584465e+01,-6.300592690874157142e+01,6.568545728516854254e+00,3.040702639232464755e+00
4.000000000000000000e+01,2.014352562839765994e+02,-1.373660717805618070e+01,-6.298580977993820085e+01,6.566634464623595235e+00,3.040702639232464755e+00
4.000000000000000000e+01,2.016350007293025328e+02,-1.393532680878651853e+01,-6.296569265113483027e+01,6.564723200730337105e+00,3.040702639232464755e+00
4.000000000000000000e+01,2.018347451746284378e+02,-1.413404643951685635e+01,-6.294557552233145969e+01,6.562811936837078974e+00,3.040702639232464755e+00
4.000000000000000000e+01,2.020344896199543712e+02,-1.433276607024719240e+01,-6.292545839352808912e+01,6.560900672943819956e+00,3.040702639232464755e+00
4.000000000000000000e+01,2.022342340652803045e+02,-1.453148570097753023e+01,-6.290534126472471854e+01,6.558989409050561825e+00,3.040702639232464755e+00
4.000000000000000000e+01,2.024339785106062379e+02,-1.473020533170786805e+01,-6.288522413592134797e+01,6.557078145157303695e+00,3.040702639232464755e+00
4.000000000000000000e+01,2.026337229559321713e+02,-1.492892496243820233e+01,-6.286510700711797739e+01,6.555166881264044676e+00,3.040702639232464755e+00
4.000000000000000000e+01,2.028334674012580763e+02,-1.512764459316854015e+01,-6.284498987831460681e+01,6.553255617370786545e+00,3.040702639232464755e+00
4.000000000000000000e+01,2.030332118465840097e+02,-1.532636422389887798e+01,-6.282487274951123624e+01,6.551344353477528415e+00,3.040702639232464755e+00
4.000000000000000000e+01,2.032329562919099430e+02,-1.552508385462921581e+01,-6.280475562070786566e+01,6.549433089584269396e+00,3.040702639232464755e+00
4.000000000000000000e+01,2.034327007372358764e+02,-1.572380348535955363e+01,-6.278463849190449508e+01,6.547521825691011266e+00,3.040702639232464755e+00
4.000000000000000000e+01,2.036324451825618098e+02,-1.592252311608988968e+01,-6.276452136310112451e+01,6.545610561797753135e+00,3.040702639232464755e+00
4.000000000000000000e+01,2.038321896278877432e+02,-1.612124274682022929e+01,-6.274440423429775393e+01,6.543699297904494117e+00,3.040702639232464755e+00
4.000000000000000000e+01,2.040319340732136482e+02,-1.631996237755056356e+01,-6.272428710549438335e+01,6.541788034011235986e+00,3.040702639232464755e+00
4.000000000000000000e+01,2.042316785185395815e+02,-1.651868200828089783e+01,-6.270416997669101278e+01,6.539876770117977856e+00,3.040702639232464755e+00
4.000000000000000000e+01,2.044314229638655149e+02,-1.671740163901123566e+01,-6.268405284788764220e+01,6.537965506224718837e+00,3.040702639232464755e+00
4.000000000000000000e+01,2.046311674091914483e+02,-1.691612126974157349e+01,-6.266393571908427162e+01,6.536054242331460706e+00,3.040702639232464755e+00
4.000000000000000000e+01,2.048309118545173817e+02,-1.711484090047191131e+01,-6.264381859028090105e+01,6.534142978438202576e+00,3.040702639232464755e+00
4.000000000000000000e+01,2.050306562998432867e+02,-1.731356053120224914e+01,-6.262370146147752337e+01,6.532231714544943557e+00,3.040702639232464755e+00
4.000000000000000000e+01,2.052304007451692200e+02,-1.751228016193258696e+01,-6.260358433267415990e+01,6.530320450651685427e+00,3.040702639232464755e+00
4.000000000000000000e+01,2.054301451904951534e+02,-1.771099979266292479e+01,-6.258346720387078221e+01,6.528409186758427296e+00,3.040702639232464755e+00
4.000000000000000000e+01,2.056298896358210868e+02,-1.790971942339326262e+01,-6.256335007506741164e+01,6.526497922865169166e+00,3.040702639232464755e+00
4.000000000000000000e+01,2.058296340811470202e+02,-1.810843905412359689e+01,-6.254323294626404106e+01,6.524586658971910147e+00,3.040702639232464755e+00
4.000000000000000000e+01,2.060293785264729252e+02,-1.830715868485393472e+01,-6.252311581746067048e+01,6.522675395078652016e+00,3.040702639232464755e+00
4.000000000000000000e+01,2.062291229717988585e+02,-1.850587831558427254e+01,-6.250299868865729991e+01,6.520764131185393886e+00,3.040702639232464755e+00
4.000000000000000000e+01,2.064288674171247919e+02,-1.870459794631461037e+01,-6.248288155985392933e+01,6.518852867292134867e+00,3.040702639232464755e+00
4.000000000000000000e+01,2.066286118624507253e+02,-1.890331757704494464e+01,-6.246276443105055876e+01,6.516941603398876737e+00,3.040702639232464755e+00
4.000000000000000000e+01,2.068283563077766587e+02,-1.910203720777528247e+01,-6.244264730224718818e+01,6.515030339505618606e+00,3.040702639232464755e+00
4.000000000000000000e+01,2.070281007531025921e+02,-1.930075683850562029e+01,-6.242253017344381760e+01,6.513119075612359588e+00,3.040702639232464755e+00
4.000000000000000000e+01,2.072278451984284970e+02,-1.949947646923595812e+01,-6.240241304464044703e+01,6.511207811719101457e+00,3.040702639232464755e+00
4.000000000000000000e+01,2.074275896437544304e+02,-1.969819609996629595e+01,-6.238229591583707645e+01,6.509296547825843327e+00,3.040702639232464755e+00
4.000000000000000000e+01,2.076273340890803638e+02,-1.989691573069663377e+01,-6.236217878703370587e+01,6.507385283932584308e+00,3.040702639232464755e+00
4.000000000000000000e+01,2.078270785344062972e+02,-2.009563536142696805e+01,-6.234206165823033530e+01,6.505474020039326177e+00,3.040702639232464755e+00
4.000000000000000000e+01,2.080268229797322306e+02,-2.029435499215730943e+01,-6.232194452942696472e+01,6.503562756146068047e+00,3.040702639232464755e+00
4.000000000000000000e+01,2.082265674250581355e+02,-2.049307462288764725e+01,-6.230182740062359414e+01,6.501651492252809028e+00,3.040702639232464755e+00
4.000000000000000000e+01,2.084263118703840689e+02,-2.069179425361797797e+01,-6.228171027182022357e+01,6.499740228359550898e+00,3.040702639232464755e+00
4.000000000000000000e+01,2.086260563157100023e+02,-2.089051388434831580e+01,-6.226159314301685299e+01,6.497828964466292767e+00,3.040702639232464755e+00
4.000000000000000000e+01,2.088258007610359357e+02,-2.108923351507865362e+01,-6.224147601421348242e+01,6.495917700573033748e+00,3.040702639232464755e+00
4.000000000000000000e+01,2.090255452063618691e+02,-2.128795314580899145e+01,-6.222135888541011184e+01,6.494006436679775618e+00,3.040702639232464755e+00
4.000000000000000000e+01,2.092252896516877740e+02,-2.148667277653932928e+01,-6.220124175660674126e+01,6.492095172786517487e+00,3.040702639232464755e+00
4.000000000000000000e+01,2.094250340970137074e+02,-2.168539240726966710e+01,-6.218112462780337069e+01,6.490183908893258469e+00,3.040702639232464755e+00
4.100000000000000000e+01,2.096247785423396408e+02,-2.188411203800000138e+01,-6.216100749900000011e+01,6.488272645000000338e+00,2.962581340013185738e+00
4.100000000000000000e+01,2.098195320500699381e+02,-2.207574962555555587e+01,-6.212633100566666400e+01,6.487046015777778507e+00,2.962581340013185738e+00
4.100000000000000000e+01,2.100142855578002639e+02,-2.226738721311111036e+01,-6.209165451233333499e+01,6.485819386555555788e+00,2.962581340013185738e+00
4.100000000000000000e+01,2.102090390655305612e+02,-2.245902480066666840e+01,-6.205697801899999888e+01,6.484592757333333957e+00,2.962581340013185738e+00
4.100000000000000000e+01,2.104037925732608585e+02,-2.265066238822222289e+01,-6.202230152566666987e+01,6.483366128111111237e+00,2.962581340013185738e+00
4.100000000000000000e+01,2.105985460809911842e+02,-2.284229997577777738e+01,-6.198762503233333376e+01,6.482139498888889406e+00,2.962581340013185738e+00
4.100000000000000000e+01,2.107932995887214815e+02,-2.303393756333333187e+01,-6.195294853900000476e+01,6.480912869666666687e+00,2.962581340013185738e+00
4.100000000000000000e+01,2.109880530964517789e+02,-2.322557515088888636e+01,-6.191827204566666865e+01,6.479686240444444856e+00,2.962581340013185738e+00
4.100000000000000000e+01,2.111828066041821046e+02,-2.341721273844444440e+01,-6.188359555233333964e+01,6.478459611222222136e+00,2.962581340013185738e+00
4.200000000000000000e+01,2.113775601119124019e+02,-2.360885032599999889e+01,-6.184891905900000353e+01,6.477232982000000305e+00,2.709471028525682001e+00
4.200000000000000000e+01,2.115730484389700052e+02,-2.378634725579411580e+01,-6.176705900114706083e+01,6.474157781558823821e+00,2.709471028525682001e+00
4.200000000000000000e+01,2.117685367660276086e+02,-2.396384418558823270e+01,-6.168519894329411812e+01,6.471082581117647337e+00,2.709471028525682001e+00
4.200000000000000000e+01,2.119640250930851835e+02,-2.414134111538235317e+01,-6.160333888544118253e+01,6.468007380676470852e+00,2.709471028525682001e+00
4.200000000000000000e+01,2.121595134201427868e+02,-2.431883804517647008e+01,-6.152147882758823982e+01,6.464932180235294368e+00,2.709471028525682001e+00
4.200000000000000000e+01,2.123550017472003901e+02,-2.449633497497058698e+01,-6.143961876973529712e+01,6.461856979794117883e+00,2.709471028525682001e+00
4.200000000000000000e+01,2.125504900742579935e+02,-2.467383190476470389e+01,-6.135775871188235442e+01,6.458781779352941399e+00,2.709471028525682001e+00
4.200000000000000000e+01,2.127459784013155968e+02,-2.485132883455882080e+01,-6.127589865402941172e+01,6.455706578911764915e+00,2.709471028525682001e+00
4.200000000000000000e+01,2.129414667283731717e+02,-2.502882576435294126e+01,-6.119403859617647612e+01,6.452631378470588430e+00,2.709471028525682001e+00
4.200000000000000000e+01,2.131369550554307750e+02,-2.520632269414705817e+01,-6.111217853832353342e+01,6.449556178029411946e+00,2.709471028525682001e+00
4.200000000000000000e+01,2.133324433824883783e+02,-2.538381962394117508e+01,-6.103031848047059071e+01,6.446480977588235461e+00,2.709471028525682001e+00
4.200000000000000000e+01,2.135279317095459817e+02,-2.556131655373529199e+01,-6.094845842261764801e+01,6.443405777147058977e+00,2.709471028525682001e+00
4.200000000000000000e+01,2.137234200366035850e+02,-2.573881348352940890e+01,-6.086659836476470531e+01,6.440330576705882493e+00,2.709471028525682001e+00
4.200000000000000000e+01,2.139189083636611599e+02,-2.591631041332352936e+01,-6.078473830691176971e+01,6.437255376264706008e+00,2.709471028525682001e+00
4.200000000000000000e+01,2.141143966907187632e+02,-2.609380734311764627e+01,-6.070287824905882701e+01,6.434180175823529524e+00,2.709471028525682001e+00
4.200000000000000000e+01,2.143098850177763666e+02,-2.627130427291176318e+01,-6.062101819120588431e+01,6.431104975382353039e+00,2.709471028525682001e+00
4.200000000000000000e+01,2.145053733448339699e+02,-2.644880120270588009e+01,-6.053915813335294160e+01,6.428029774941176555e+00,2.709471028525682001e+00
4.200000000000000000e+01,2.147008616718915732e+02,-2.662629813249999700e+01,-6.045729807550000601e+01,6.424954574500000071e+00,2.709471028525682001e+00
4.200000000000000000e+01,2.148963499989491481e+02,-2.680379506229411746e+01,-6.037543801764706330e+01,6.421879374058823586e+00,2.709471028525682001e+00
4.200000000000000000e+01,2.150918383260067515e+02,-2.698129199208823437e+01,-6.029357795979412060e+01,6.418804173617647102e+00,2.709471028525682001e+00
4.200000000000000000e+01,2.152873266530643548e+02,-2.715878892188235127e+01,-6.021171790194117790e+01,6.415728973176470618e+00,2.709471028525682001e+00
4.200000000000000000e+01,2.154828149801219581e+02,-2.733628585167646818e+01,-6.012985784408823520e+01,6.412653772735294133e+00,2.709471028525682001e+00
4.200000000000000000e+01,2.156783033071795614e+02,-2.751378278147058865e+01,-6.004799778623529960e+01,6.409578572294117649e+00,2.709471028525682001e+00
4.200000000000000000e+01,2.158737916342371363e+02,-2.769127971126470555e+01,-5.996613772838235690e+01,6.406503371852941164e+00,2.709471028525682001e+00
4.200000000000000000e+01,2.160692799612947397e+02,-2.786877664105882246e+01,-5.988427767052941419e+01,6.403428171411764680e+00,2.709471028525682001e+00
4.200000000000000000e+01,2.162647682883523430e+02,-2.804627357085293937e+01,-5.980241761267647149e+01,6.400352970970588196e+00,2.709471028525682001e+00
4.200000000000000000e+01,2.164602566154099463e+02,-2.822377050064705628e+01,-5.972055755482352879e+01,6.397277770529411711e+00,2.709471028525682001e+00
4.200000000000000000e+01,2.166557449424675497e+02,-2.840126743044117319e+01,-5.963869749697059319e+01,6.394202570088235227e+00,2.709471028525682001e+00
4.200000000000000000e+01,2.168512332695251246e+02,-2.857876436023529365e+01,-5.955683743911765049e+01,6.391127369647058742e+00,2.709471028525682001e+00
4.200000000000000000e+01,2.170467215965827279e+02,-2.875626129002941056e+01,-5.947497738126470779e+01,6.388052169205882258e+00,2.709471028525682001e+00
4.200000000000000000e+01,2.172422099236403312e+02,-2.893375821982352747e+01,-5.939311732341176508e+01,6.384976968764705774e+00,2.709471028525682001e+00
4.200000000000000000e+01,2.174376982506979346e+02,-2.911125514961764438e+01,-5.931125726555882238e+01,6.381901768323529289e+00,2.709471028525682001e+00
4.200000000000000000e+01,2.176331865777555095e+02,-2.928875207941176484e+01,-5.922939720770588679e+01,6.378826567882352805e+00,2.709471028525682001e+00
4.200000000000000000e+01,2.178286749048131128e+02,-2.946624900920588175e+01,-5.914753714985294408e+01,6.375751367441176320e+00,2.709471028525682001e+00
4.300000000000000000e+01,2.180241632318707161e+02,-2.964374593899999866e+01,-5.906567709200000138e+01,6.372676166999999836e+00,2.650535744913598002e+00
4.300000000000000000e+01,2.182054693397961955e+02,-2.980344053114285785e+01,-5.898028096535714582e+01,6.363898720571428136e+00,2.650535744913598002e+00
4.300000000000000000e+01,2.183867754477216465e+02,-2.996313512328571349e+01,-5.889488483871429025e+01,6.355121274142857324e+00,2.650535744913598002e+00
4.300000000000000000e+01,2.185680815556471259e+02,-3.012282971542857268e+01,-5.880948871207143469e+01,6.346343827714285624e+00,2.650535744913598002e+00
4.300000000000000000e+01,2.187493876635726053e+02,-3.028252430757142832e+01,-5.872409258542857202e+01,6.337566381285713923e+00,2.650535744913598002e+00
4.300000000000000000e+01,2.189306937714980847e+02,-3.044221889971428752e+01,-5.863869645878571646e+01,6.328788934857142223e+00,2.650535744913598002e+00
4.300000000000000000e+01,2.191119998794235357e+02,-3.060191349185714316e+01,-5.855330033214286090e+01,6.320011488428571411e+00,2.650535744913598002e+00
4.400000000000000000e+01,2.192933059873490151e+02,-3.076160808400000235e+01,-5.846790420550000533e+01,6.311234041999999711e+00,2.356069154283435552e+00
4.400000000000000000e+01,2.194849585427282648e+02,-3.089675602284210854e+01,-5.833272238463158743e+01,6.325076437631578230e+00,2.356069154283435552e+00
4.400000000000000000e+01,2.196766110981074860e+02,-3.103190396168421117e+01,-5.819754056376316242e+01,6.338918833263157637e+00,2.356069154283435552e+00
4.400000000000000000e+01,2.198682636534867356e+02,-3.116705190052631735e+01,-5.806235874289474452e+01,6.352761228894736156e+00,2.356069154283435552e+00
4.400000000000000000e+01,2.200599162088659853e+02,-3.130219983936842354e+01,-5.792717692202631952e+01,6.366603624526315564e+00,2.356069154283435552e+00
4.400000000000000000e+01,2.202515687642452065e+02,-3.143734777821052973e+01,-5.779199510115790162e+01,6.380446020157894083e+00,2.356069154283435552e+00
4.400000000000000000e+01,2.204432213196244561e+02,-3.157249571705263236e+01,-5.765681328028947661e+01,6.394288415789473490e+00,2.356069154283435552e+00
4.400000000000000000e+01,2.206348738750037057e+02,-3.170764365589473854e+01,-5.752163145942105871e+01,6.408130811421052009e+00,2.356069154283435552e+00
4.400000000000000000e+01,2.208265264303829269e+02,-3.184279159473684473e+01,-5.738644963855263370e+01,6.421973207052631416e+00,2.356069154283435552e+00
4.400000000000000000e+01,2.210181789857621766e+02,-3.197793953357895091e+01,-5.725126781768421580e+01,6.435815602684209935e+00,2.356069154283435552e+00
4.400000000000000000e+01,2.212098315411413978e+02,-3.211308747242105710e+01,-5.711608599681579079e+01,6.449657998315789342e+00,2.356069154283435552e+00
4.400000000000000000e+01,2.214014840965206474e+02,-3.224823541126315973e+01,-5.698090417594737289e+01,6.463500393947367861e+00,2.356069154283435552e+00
4.400000000000000000e+01,2.215931366518998971e+02,-3.238338335010526237e+01,-5.684572235507894788e+01,6.477342789578947269e+00,2.356069154283435552e+00
4.400000000000000000e+01,2.217847892072791183e+02,-3.251853128894737210e+01,-5.671054053421052998e+01,6.491185185210525788e+00,2.356069154283435552e+00
4.400000000000000000e+01,2.219764417626583679e+02,-3.265367922778947474e+01,-5.657535871334210498e+01,6.505027580842105195e+00,2.356069154283435552e+00
4.400000000000000000e+01,2.221680943180376175e+02,-3.278882716663157737e+01,-5.644017689247368708e+01,6.518869976473683714e+00,2.356069154283435552e+00
4.400000000000000000e+01,2.223597468734168388e+02,-3.292397510547368711e+01,-5.630499507160526207e+01,6.532712372105263121e+00,2.356069154283435552e+00
4.400000000000000000e+01,2.225513994287960884e+02,-3.305912304431578974e+01,-5.616981325073684417e+01,6.546554767736841640e+00,2.356069154283435552e+00
4.400000000000000000e+01,2.227430519841753380e+02,-3.319427098315789948e+01,-5.603463142986842627e+01,6.560397163368421047e+00,2.356069154283435552e+00
4.500000000000000000e+01,2.229347045395545592e+02,-3.332941892200000211e+01,-5.589944960900000126e+01,6.574239558999999566e+00,2.668974644664012796e+00
4.500000000000000000e+01,2.231222638132188081e+02,-3.349639195538461678e+01,-5.581408233769231231e+01,6.577543533769230066e+00,2.668974644664012796e+00
4.500000000000000000e+01,2.233098230868830285e+02,-3.366336498876923145e+01,-5.572871506638461625e+01,6.580847508538461454e+00,2.668974644664012796e+00
4.500000000000000000e+01,2.234973823605472774e+02,-3.383033802215384611e+01,-5.564334779507692730e+01,6.584151483307691954e+00,2.668974644664012796e+00
4.500000000000000000e+01,2.236849416342115262e+02,-3.399731105553846078e+01,-5.555798052376923124e+01,6.587455458076922454e+00,2.668974644664012796e+00
4.500000000000000000e+01,2.238725009078757466e+02,-3.416428408892307544e+01,-5.547261325246154229e+01,6.590759432846153842e+00,2.668974644664012796e+00
4.500000000000000000e+01,2.240600601815399955e+02,-3.433125712230769011e+01,-5.538724598115384623e+01,6.594063407615384342e+00,2.668974644664012796e+00
4.500000000000000000e+01,2.242476194552042159e+02,-3.449823015569231188e+01,-5.530187870984615728e+01,6.597367382384614842e+00,2.668974644664012796e+00
4.500000000000000000e+01,2.244351787288684648e+02,-3.466520318907692655e+01,-5.521651143853846122e+01,6.600671357153845342e+00,2.668974644664012796e+00
4.500000000000000000e+01,2.246227380025327136e+02,-3.483217622246154122e+01,-5.513114416723077227e+01,6.603975331923076730e+00,2.668974644664012796e+00
4.500000000000000000e+01,2.248102972761969340e+02,-3.499914925584615588e+01,-5.504577689592307621e+01,6.607279306692307230e+00,2.668974644664012796e+00
4.500000000000000000e+01,2.249978565498611829e+02,-3.516612228923077055e+01,-5.496040962461538726e+01,6.610583281461537730e+00,2.668974644664012796e+00
4.500000000000000000e+01,2.251854158235254317e+02,-3.533309532261538521e+01,-5.487504235330769120e+01,6.613887256230769118e+00,2.668974644664012796e+00
4.600000000000000000e+01,2.253729750971896522e+02,-3.550006835599999988e+01,-5.478967508200000225e+01,6.617191230999999618e+00,3.111562577975907740e+00
4.600000000000000000e+01,2.255726715951847723e+02,-3.569955488000000088e+01,-5.478368268516666717e+01,6.624112880666666037e+00,3.111562577975907740e+00
4.600000000000000000e+01,2.257723680931799208e+02,-3.589904140400000188e+01,-5.477769028833333209e+01,6.631034530333333343e+00,3.111562577975907740e+00
4.600000000000000000e+01,2.259720645911750410e+02,-3.609852792799999577e+01,-5.477169789149999701e+01,6.637956179999999762e+00,3.111562577975907740e+00
4.600000000000000000e+01,2.261717610891701611e+02,-3.629801445199999677e+01,-5.476570549466666904e+01,6.644877829666666180e+00,3.111562577975907740e+00
4.600000000000000000e+01,2.263714575871653096e+02,-3.649750097599999776e+01,-5.475971309783333396e+01,6.651799479333333487e+00,3.111562577975907740e+00
4.700000000000000000e+01,2.265711540851604298e+02,-3.669698749999999876e+01,-5.475372070099999888e+01,6.658721128999999905e+00,2.844536357537472249e+00
4.700000000000000000e+01,2.267484420063781272e+02,-3.686623071949999542e+01,-5.470191301749999724e+01,6.648537632874999659e+00,2.844536357537472249e+00
4.700000000000000000e+01,2.269257299275957962e+02,-3.703547393899999918e+01,-5.465010533400000270e+01,6.638354136749999412e+00,2.844536357537472249e+00
4.700000000000000000e+01,2.271030178488134936e+02,-3.720471715850000294e+01,-5.459829765050000105e+01,6.628170640625000054e+00,2.844536357537472249e+00
4.700000000000000000e+01,2.272803057700311911e+02,-3.737396037799999959e+01,-5.454648996699999941e+01,6.617987144499999808e+00,2.844536357537472249e+00
4.700000000000000000e+01,2.274575936912488601e+02,-3.754320359749999625e+01,-5.449468228349999777e+01,6.607803648374999561e+00,2.844536357537472249e+00
4.700000000000000000e+01,2.276348816124665575e+02,-3.771244681700000001e+01,-5.444287459999999612e+01,6.597620152250000203e+00,2.844536357537472249e+00
4.700000000000000000e+01,2.278121695336842549e+02,-3.788169003650000377e+01,-5.439106691650000158e+01,6.587436656124999956e+00,2.844536357537472249e+00
4.800000000000000000e+01,2.279894574549019239e+02,-3.805093325600000043e+01,-5.433925923299999994e+01,6.577253159999999710e+00,2.348045695524002774e+00
4.800000000000000000e+01,2.281888066318730068e+02,-3.818997700975000242e+01,-5.419793073275000239e+01,6.556440089125000092e+00,2.348045695524002774e+00
4.800000000000000000e+01,2.283881558088441182e+02,-3.832902076349999732e+01,-5.405660223249999774e+01,6.535627018249999587e+00,2.348045695524002774e+00
4.800000000000000000e+01,2.285875049858152011e+02,-3.846806451724999931e+01,-5.391527373225000019e+01,6.514813947374999969e+00,2.348045695524002774e+00
4.800000000000000000e+01,2.287868541627863124e+02,-3.860710827100000131e+01,-5.377394523200000265e+01,6.494000876499999464e+00,2.348045695524002774e+00
4.800000000000000000e+01,2.289862033397573953e+02,-3.874615202475000331e+01,-5.363261673174999800e+01,6.473187805624999847e+00,2.348045695524002774e+00
4.800000000000000000e+01,2.291855525167284782e+02,-3.888519577850000530e+01,-5.349128823150000045e+01,6.452374734750000229e+00,2.348045695524002774e+00
4.800000000000000000e+01,2.293849016936995895e+02,-3.902423953225000020e+01,-5.334995973124999580e+01,6.431561663874999724e+00,2.348045695524002774e+00
4.900000000000000000e+01,2.295842508706706724e+02,-3.916328328600000219e+01,-5.320863123099999825e+01,6.410748593000000106e+00,2.054020790130219876e+00
4.900000000000000000e+01,2.297706097646689898e+02,-3.924944351422222155e+01,-5.304442773366666586e+01,6.429275975666667087e+00,2.054020790130219876e+00
4.900000000000000000e+01,2.299569686586673356e+02,-3.933560374244444802e+01,-5.288022423633333347e+01,6.447803358333333179e+00,2.054020790130219876e+00
4.900000000000000000e+01,2.301433275526656530e+02,-3.942176397066666738e+01,-5.271602073900000107e+01,6.466330741000000160e+00,2.054020790130219876e+00
4.900000000000000000e+01,2.303296864466639988e+02,-3.950792419888888674e+01,-5.255181724166666868e+01,6.484858123666667140e+00,2.054020790130219876e+00
4.900000000000000000e+01,2.305160453406623162e+02,-3.959408442711111320e+01,-5.238761374433332918e+01,6.503385506333333232e+00,2.054020790130219876e+00
4.900000000000000000e+01,2.307024042346606336e+02,-3.968024465533333256e+01,-5.222341024699999679e+01,6.521912889000000213e+00,2.054020790130219876e+00
4.900000000000000000e+01,2.308887631286589794e+02,-3.976640488355555192e+01,-5.205920674966666439e+01,6.540440271666667194e+00,2.054020790130219876e+00
4.900000000000000000e+01,2.310751220226572968e+02,-3.985256511177777838e+01,-5.189500325233333200e+01,6.558967654333333286e+00,2.054020790130219876e+00
5.000000000000000000e+01,2.312614809166556427e+02,-3.993872533999999774e+01,-5.173079975499999961e+01,6.577495037000000266e+00,2.209425450731536067e+00
5.000000000000000000e+01,2.314482579235838671e+02,-4.004981975375000047e+01,-5.158116055450000204e+01,6.565174678875000502e+00,2.209425450731536067e+00
5.000000000000000000e+01,2.316350349305120915e+02,-4.016091416749999610e+01,-5.143152135399999736e+01,6.552854320750000738e+00,2.209425450731536067e+00
5.000000000000000000e+01,2.318218119374402875e+02,-4.027200858124999883e+01,-5.128188215349999979e+01,6.540533962625000086e+00,2.209425450731536067e+00
5.000000000000000000e+01,2.320085889443685119e+02,-4.038310299500000156e+01,-5.113224295300000222e+01,6.528213604500000322e+00,2.209425450731536067e+00
5.000000000000000000e+01,2.321953659512967363e+02,-4.049419740874999718e+01,-5.098260375249999754e+01,6.515893246375000558e+00,2.209425450731536067e+00
5.000000000000000000e+01,2.323821429582249607e+02,-4.060529182249999991e+01,-5.083296455199999997e+01,6.503572888249999906e+00,2.209425450731536067e+00
5.000000000000000000e+01,2.325689199651531851e+02,-4.071638623624999553e+01,-5.068332535149999529e+01,6.491252530125000142e+00,2.209425450731536067e+00
5.100000000000000000e+01,2.327556969720813811e+02,-4.082748064999999826e+01,-5.053368615099999772e+01,6.478932172000000378e+00,2.680457410841052823e+00
5.100000000000000000e+01,2.329483865565470353e+02,-4.099992877633333421e+01,-5.044800297558332858e+01,6.485954503250000336e+00,2.680457410841052823e+00
5.100000000000000000e+01,2.331410761410126895e+02,-4.117237690266666306e+01,-5.036231980016666654e+01,6.492976834500000294e+00,2.680457410841052823e+00
5.100000000000000000e+01,2.333337657254783437e+02,-4.134482502899999901e+01,-5.027663662474999740e+01,6.499999165750000252e+00,2.680457410841052823e+00
5.100000000000000000e+01,2.335264553099439979e+02,-4.151727315533333496e+01,-5.019095344933333536e+01,6.507021497000000210e+00,2.680457410841052823e+00
5.100000000000000000e+01,2.337191448944096237e+02,-4.168972128166666380e+01,-5.010527027391666621e+01,6.514043828250000168e+00,2.680457410841052823e+00
5.100000000000000000e+01,2.339118344788752779e+02,-4.186216940799999975e+01,-5.001958709849999707e+01,6.521066159500000126e+00,2.680457410841052823e+00
5.100000000000000000e+01,2.341045240633409321e+02,-4.203461753433333570e+01,-4.993390392308333503e+01,6.528088490750000084e+00,2.680457410841052823e+00
5.100000000000000000e+01,2.342972136478065863e+02,-4.220706566066666454e+01,-4.984822074766666589e+01,6.535110822000000041e+00,2.680457410841052823e+00
5.100000000000000000e+01,2.344899032322722405e+02,-4.237951378700000049e+01,-4.976253757225000385e+01,6.542133153249999999e+00,2.680457410841052823e+00
5.100000000000000000e+01,2.346825928167378947e+02,-4.255196191333333644e+01,-4.967685439683333470e+01,6.549155484499999957e+00,2.680457410841052823e+00
5.100000000000000000e+01,2.348752824012035489e+02,-4.272441003966666528e+01,-4.959117122141667267e+01,6.556177815749999915e+00,2.680457410841052823e+00
5.200000000000000000e+01,2.350679719856692031e+02,-4.289685816600000123e+01,-4.950548804600000352e+01,6.563200146999999873e+00,2.781417022250506133e+00
5.200000000000000000e+01,2.352570939485011934e+02,-4.306934506193333334e+01,-4.944052889806666684e+01,6.605575808133333560e+00,2.781417022250506133e+00
5.200000000000000000e+01,2.354462159113332120e+02,-4.324183195786666545e+01,-4.937556975013333727e+01,6.647951469266666358e+00,2.781417022250506133e+00
5.200000000000000000e+01,2.356353378741652023e+02,-4.341431885379999756e+01,-4.931061060220000059e+01,6.690327130400000044e+00,2.781417022250506133e+00
5.200000000000000000e+01,2.358244598369971925e+02,-4.358680574973333677e+01,-4.924565145426667101e+01,6.732702791533332842e+00,2.781417022250506133e+00
5.200000000000000000e+01,2.360135817998292111e+02,-4.375929264566666888e+01,-4.918069230633333433e+01,6.775078452666666529e+00,2.781417022250506133e+00
5.200000000000000000e+01,2.362027037626612014e+02,-4.393177954160000098e+01,-4.911573315840000475e+01,6.817454113800000215e+00,2.781417022250506133e+00
5.200000000000000000e+01,2.363918257254931916e+02,-4.410426643753333309e+01,-4.905077401046666807e+01,6.859829774933333013e+00,2.781417022250506133e+00
5.200000000000000000e+01,2.365809476883252103e+02,-4.427675333346666520e+01,-4.898581486253333850e+01,6.902205436066666699e+00,2.781417022250506133e+00
5.200000000000000000e+01,2.367700696511572005e+02,-4.444924022939999730e+01,-4.892085571460000182e+01,6.944581097199999498e+00,2.781417022250506133e+00
5.200000000000000000e+01,2.369591916139891907e+02,-4.462172712533332941e+01,-4.885589656666667224e+01,6.986956758333333184e+00,2.781417022250506133e+00
5.200000000000000000e+01,2.371483135768212094e+02,-4.479421402126666152e+01,-4.879093741873333556e+01,7.029332419466666870e+00,2.781417022250506133e+00
5.200000000000000000e+01,2.373374355396531996e+02,-4.496670091720000073e+01,-4.872597827080000599e+01,7.071708080599999668e+00,2.781417022250506133e+00
5.200000000000000000e+01,2.375265575024851898e+02,-4.513918781313333284e+01,-4.866101912286666931e+01,7.114083741733333355e+00,2.781417022250506133e+00
5.200000000000000000e+01,2.377156794653172085e+02,-4.531167470906666495e+01,-4.859605997493333973e+01,7.156459402866666153e+00,2.781417022250506133e+00
5.300000000000000000e+01,2.379048014281491987e+02,-4.548416160499999705e+01,-4.853110082700000305e+01,7.198835063999999839e+00,2.157330693661061893e+00
5.300000000000000000e+01,2.380966187787307717e+02,-4.559014298879999671e+01,-4.837162191600000227e+01,7.187507256700000013e+00,2.157330693661061893e+00
5.300000000000000000e+01,2.382884361293123447e+02,-4.569612437259999638e+01,-4.821214300500000149e+01,7.176179449400000188e+00,2.157330693661061893e+00
5.300000000000000000e+01,2.384802534798939178e+02,-4.580210575639999604e+01,-4.805266409400000072e+01,7.164851642099999474e+00,2.157330693661061893e+00
5.300000000000000000e+01,2.386720708304754908e+02,-4.590808714019999570e+01,-4.789318518299999994e+01,7.153523834799999648e+00,2.157330693661061893e+00
5.300000000000000000e+01,2.388638881810570638e+02,-4.601406852399999536e+01,-4.773370627200000627e+01,7.142196027499999822e+00,2.157330693661061893e+00
5.300000000000000000e+01,2.390557055316386368e+02,-4.612004990780000213e+01,-4.757422736100000549e+01,7.130868220199999996e+00,2.157330693661061893e+00
5.300000000000000000e+01,2.392475228822202098e+02,-4.622603129160000179e+01,-4.741474845000000471e+01,7.119540412900000170e+00,2.157330693661061893e+00
5.300000000000000000e+01,2.394393402328018112e+02,-4.633201267540000146e+01,-4.725526953900000393e+01,7.108212605599999456e+00,2.157330693661061893e+00
5.300000000000000000e+01,2.396311575833833842e+02,-4.643799405920000112e+01,-4.709579062800000315e+01,7.096884798299999630e+00,2.157330693661061893e+00
5.400000000000000000e+01,2.398229749339649572e+02,-4.654397544300000078e+01,-4.693631171700000237e+01,7.085556990999999805e+00,2.082858465101109946e+00
5.400000000000000000e+01,2.400211970736418152e+02,-4.663634007025000017e+01,-4.677198207787500195e+01,7.146847789625000225e+00,2.082858465101109946e+00
5.400000000000000000e+01,2.402194192133187016e+02,-4.672870469749999955e+01,-4.660765243875000152e+01,7.208138588249999756e+00,2.082858465101109946e+00
5.400000000000000000e+01,2.404176413529955596e+02,-4.682106932474999894e+01,-4.644332279962500110e+01,7.269429386875000176e+00,2.082858465101109946e+00
5.400000000000000000e+01,2.406158634926724176e+02,-4.691343395200000543e+01,-4.627899316050000067e+01,7.330720185500000596e+00,2.082858465101109946e+00
5.400000000000000000e+01,2.408140856323492756e+02,-4.700579857925000482e+01,-4.611466352137500024e+01,7.392010984125000128e+00,2.082858465101109946e+00
5.400000000000000000e+01,2.410123077720261620e+02,-4.709816320650000421e+01,-4.595033388224999982e+01,7.453301782750000548e+00,2.082858465101109946e+00
5.400000000000000000e+01,2.412105299117030199e+02,-4.719052783375000359e+01,-4.578600424312499939e+01,7.514592581375000080e+00,2.082858465101109946e+00
5.500000000000000000e+01,2.414087520513798779e+02,-4.728289246100000298e+01,-4.562167460399999896e+01,7.575883380000000500e+00,1.249679836219313778e+00
5.500000000000000000e+01,2.415978566008171526e+02,-4.722507093850000359e+01,-4.544784271237499951e+01,7.528982680562500640e+00,1.249679836219313778e+00
5.500000000000000000e+01,2.417869611502543989e+02,-4.716724941600000420e+01,-4.527401082075000005e+01,7.482081981125000780e+00,1.249679836219313778e+00
5.500000000000000000e+01,2.419760656996916737e+02,-4.710942789350000481e+01,-4.510017892912500059e+01,7.435181281687500032e+00,1.249679836219313778e+00
5.500000000000000000e+01,2.421651702491289200e+02,-4.705160637100000542e+01,-4.492634703750000114e+01,7.388280582250000172e+00,1.249679836219313778e+00
5.500000000000000000e+01,2.423542747985661947e+02,-4.699378484849999893e+01,-4.475251514587500168e+01,7.341379882812500313e+00,1.249679836219313778e+00
5.500000000000000000e+01,2.425433793480034694e+02,-4.693596332599999954e+01,-4.457868325425000222e+01,7.294479183375000453e+00,1.249679836219313778e+00
5.500000000000000000e+01,2.427324838974407157e+02,-4.687814180350000015e+01,-4.440485136262500276e+01,7.247578483937500593e+00,1.249679836219313778e+00
5.500000000000000000e+01,2.429215884468779905e+02,-4.682032028100000076e+01,-4.423101947099999620e+01,7.200677784499999845e+00,1.249679836219313778e+00
5.500000000000000000e+01,2.431106929963152368e+02,-4.676249875850000137e+01,-4.405718757937499674e+01,7.153777085062499985e+00,1.249679836219313778e+00
5.500000000000000000e+01,2.432997975457525115e+02,-4.670467723600000198e+01,-4.388335568774999729e+01,7.106876385625000125e+00,1.249679836219313778e+00
5.500000000000000000e+01,2.434889020951897862e+02,-4.664685571350000259e+01,-4.370952379612499783e+01,7.059975686187500266e+00,1.249679836219313778e+00
5.500000000000000000e+01,2.436780066446270325e+02,-4.658903419099999610e+01,-4.353569190449999837e+01,7.013074986750000406e+00,1.249679836219313778e+00
5.500000000000000000e+01,2.438671111940643073e+02,-4.653121266849999671e+01,-4.336186001287499892e+01,6.966174287312499658e+00,1.249679836219313778e+00
5.500000000000000000e+01,2.440562157435015820e+02,-4.647339114599999732e+01,-4.318802812124999946e+01,6.919273587874999798e+00,1.249679836219313778e+00
5.500000000000000000e+01,2.442453202929388283e+02,-4.641556962349999793e+01,-4.301419622962500000e+01,6.872372888437499938e+00,1.249679836219313778e+00
5.600000000000000000e+01,2.444344248423761030e+02,-4.635774810099999854e+01,-4.284036433800000054e+01,6.825472189000000078e+00,1.215601594589551082e+00
5.600000000000000000e+01,2.446289924353662855e+02,-4.629100668943749497e+01,-4.266043277131250022e+01,6.793429037874999743e+00,1.215601594589551082e+00
5.600000000000000000e+01,2.448235600283564679e+02,-4.622426527787499850e+01,-4.248050120462499990e+01,6.761385886750000296e+00,1.215601594589551082e+00
5.600000000000000000e+01,2.450181276213466504e+02,-4.615752386631250204e+01,-4.230056963793749958e+01,6.729342735624999960e+00,1.215601594589551082e+00
5.600000000000000000e+01,2.452126952143368328e+02,-4.609078245474999846e+01,-4.212063807124999926e+01,6.697299584499999625e+00,1.215601594589551082e+00
5.600000000000000000e+01,2.454072628073270153e+02,-4.602404104318749489e+01,-4.194070650456249894e+01,6.665256433375000178e+00,1.215601594589551082e+00
5.600000000000000000e+01,2.456018304003171977e+02,-4.595729963162499843e+01,-4.176077493787499861e+01,6.633213282249999843e+00,1.215601594589551082e+00
5.600000000000000000e+01,2.457963979933073801e+02,-4.589055822006250196e+01,-4.158084337118749829e+01,6.601170131125000395e+00,1.215601594589551082e+00
5.600000000000000000e+01,2.459909655862975626e+02,-4.582381680849999839e+01,-4.140091180449999797e+01,6.569126980000000060e+00,1.215601594589551082e+00
5.600000000000000000e+01,2.461855331792877450e+02,-4.575707539693749482e+01,-4.122098023781250475e+01,6.537083828874999725e+00,1.215601594589551082e+00
5.600000000000000000e+01,2.463801007722779275e+02,-4.569033398537499835e+01,-4.104104867112500443e+01,6.505040677750000278e+00,1.215601594589551082e+00
5.600000000000000000e+01,2.465746683652681099e+02,-4.562359257381250188e+01,-4.086111710443750411e+01,6.472997526624999942e+00,1.215601594589551082e+00
5.600000000000000000e+01,2.467692359582582640e+02,-4.555685116224999831e+01,-4.068118553775000379e+01,6.440954375500000495e+00,1.215601594589551082e+00
5.600000000000000000e+01,2.469638035512484464e+02,-4.549010975068749474e+01,-4.050125397106250347e+01,6.408911224375000160e+00,1.215601594589551082e+00
5.600000000000000000e+01,2.471583711442386289e+02,-4.542336833912499827e+01,-4.032132240437500315e+01,6.376868073249999824e+00,1.215601594589551082e+00
5.600000000000000000e+01,2.473529387372288113e+02,-4.535662692756250181e+01,-4.014139083768750282e+01,6.344824922125000377e+00,1.215601594589551082e+00
5.700000000000000000e+01,2.475475063302189938e+02,-4.528988551599999823e+01,-3.996145927100000250e+01,6.312781771000000042e+00,1.355201420091760589e+00
5.700000000000000000e+01,2.477384912410832101e+02,-4.524940279963636414e+01,-3.977660547836364202e+01,6.286985236318181514e+00,1.355201420091760589e+00
5.700000000000000000e+01,2.479294761519474548e+02,-4.520892008327272293e+01,-3.959175168572727443e+01,6.261188701636363874e+00,1.355201420091760589e+00
5.700000000000000000e+01,2.481204610628116711e+02,-4.516843736690908884e+01,-3.940689789309091395e+01,6.235392166954545345e+00,1.355201420091760589e+00
5.700000000000000000e+01,2.483114459736758874e+02,-4.512795465054545474e+01,-3.922204410045454637e+01,6.209595632272727705e+00,1.355201420091760589e+00
5.700000000000000000e+01,2.485024308845401322e+02,-4.508747193418181354e+01,-3.903719030781818589e+01,6.183799097590909177e+00,1.355201420091760589e+00
5.700000000000000000e+01,2.486934157954043485e+02,-4.504698921781817944e+01,-3.885233651518181830e+01,6.158002562909090649e+00,1.355201420091760589e+00
5.700000000000000000e+01,2.488844007062685932e+02,-4.500650650145454534e+01,-3.866748272254545782e+01,6.132206028227273009e+00,1.355201420091760589e+00
5.700000000000000000e+01,2.490753856171328096e+02,-4.496602378509090414e+01,-3.848262892990909023e+01,6.106409493545454481e+00,1.355201420091760589e+00
5.700000000000000000e+01,2.492663705279970259e+02,-4.492554106872727004e+01,-3.829777513727272975e+01,6.080612958863636841e+00,1.355201420091760589e+00
5.700000000000000000e+01,2.494573554388612706e+02,-4.488505835236363595e+01,-3.811292134463636216e+01,6.054816424181818313e+00,1.355201420091760589e+00
5.700000000000000000e+01,2.496483403497254869e+02,-4.484457563600000185e+01,-3.792806755200000168e+01,6.029019889500000673e+00,1.355201420091760589e+00
5.700000000000000000e+01,2.498393252605897032e+02,-4.480409291963636065e+01,-3.774321375936364120e+01,6.003223354818182145e+00,1.355201420091760589e+00
5.700000000000000000e+01,2.500303101714539480e+02,-4.476361020327272655e+01,-3.755835996672727362e+01,5.977426820136363617e+00,1.355201420091760589e+00
5.700000000000000000e+01,2.502212950823181643e+02,-4.472312748690909245e+01,-3.737350617409091313e+01,5.951630285454545977e+00,1.355201420091760589e+00
5.700000000000000000e+01,2.504122799931824090e+02,-4.468264477054545125e+01,-3.718865238145454555e+01,5.925833750772727448e+00,1.355201420091760589e+00
5.700000000000000000e+01,2.506032649040466254e+02,-4.464216205418181715e+01,-3.700379858881818507e+01,5.900037216090909808e+00,1.355201420091760589e+00
5.700000000000000000e+01,2.507942498149108417e+02,-4.460167933781818306e+01,-3.681894479618181748e+01,5.874240681409091280e+00,1.355201420091760589e+00
5.700000000000000000e+01,2.509852347257750864e+02,-4.456119662145454186e+01,-3.663409100354545700e+01,5.848444146727272752e+00,1.355201420091760589e+00
5.700000000000000000e+01,2.511762196366393027e+02,-4.452071390509090776e+01,-3.644923721090908941e+01,5.822647612045455112e+00,1.355201420091760589e+00
5.700000000000000000e+01,2.513672045475035191e+02,-4.448023118872727366e+01,-3.626438341827272893e+01,5.796851077363636584e+00,1.355201420091760589e+00
5.700000000000000000e+01,2.515581894583677638e+02,-4.443974847236363246e+01,-3.607952962563636135e+01,5.771054542681818944e+00,1.355201420091760589e+00
5.800000000000000000e+01,2.517491743692319801e+02,-4.439926575599999836e+01,-3.589467583300000086e+01,5.745258008000000416e+00,1.457602497840659206e+00
5.800000000000000000e+01,2.519462194197780320e+02,-4.437701214782352821e+01,-3.569891884605882382e+01,5.748533818058824352e+00,1.457602497840659206e+00
5.800000000000000000e+01,2.521432644703241124e+02,-4.435475853964705806e+01,-3.550316185911764677e+01,5.751809628117647399e+00,1.457602497840659206e+00
5.800000000000000000e+01,2.523403095208701643e+02,-4.433250493147058791e+01,-3.530740487217646972e+01,5.755085438176471335e+00,1.457602497840659206e+00
5.800000000000000000e+01,2.525373545714162447e+02,-4.431025132329411775e+01,-3.511164788523529268e+01,5.758361248235294383e+00,1.457602497840659206e+00
5.800000000000000000e+01,2.527343996219622966e+02,-4.428799771511764760e+01,-3.491589089829411563e+01,5.761637058294118319e+00,1.457602497840659206e+00
5.800000000000000000e+01,2.529314446725083769e+02,-4.426574410694117745e+01,-3.472013391135293858e+01,5.764912868352941366e+00,1.457602497840659206e+00
5.800000000000000000e+01,2.531284897230544289e+02,-4.424349049876470730e+01,-3.452437692441176154e+01,5.768188678411765302e+00,1.457602497840659206e+00
5.800000000000000000e+01,2.533255347736005092e+02,-4.422123689058823715e+01,-3.432861993747058449e+01,5.771464488470588350e+00,1.457602497840659206e+00
5.800000000000000000e+01,2.535225798241465611e+02,-4.419898328241175989e+01,-3.413286295052941455e+01,5.774740298529412286e+00,1.457602497840659206e+00
5.800000000000000000e+01,2.537196248746926415e+02,-4.417672967423528974e+01,-3.393710596358823750e+01,5.778016108588235333e+00,1.457602497840659206e+00
5.800000000000000000e+01,2.539166699252386934e+02,-4.415447606605881958e+01,-3.374134897664706045e+01,5.781291918647059269e+00,1.457602497840659206e+00
5.800000000000000000e+01,2.541137149757847737e+02,-4.413222245788234943e+01,-3.354559198970588341e+01,5.784567728705882317e+00,1.457602497840659206e+00
5.800000000000000000e+01,2.543107600263308257e+02,-4.410996884970587928e+01,-3.334983500276470636e+01,5.787843538764706253e+00,1.457602497840659206e+00
5.800000000000000000e+01,2.545078050768769060e+02,-4.408771524152940913e+01,-3.315407801582352931e+01,5.791119348823529300e+00,1.457602497840659206e+00
5.800000000000000000e+01,2.547048501274229579e+02,-4.406546163335293897e+01,-3.295832102888235227e+01,5.794395158882353236e+00,1.457602497840659206e+00
5.800000000000000000e+01,2.549018951779690099e+02,-4.404320802517646882e+01,-3.276256404194117522e+01,5.797670968941176284e+00,1.457602497840659206e+00
5.900000000000000000e+01,2.550989402285150902e+02,-4.402095441699999867e+01,-3.256680705499999817e+01,5.800946779000000220e+00,1.994518683465849929e+00
5.900000000000000000e+01,2.552858292699586968e+02,-4.409498795642856805e+01,-3.240266913242857072e+01,5.850999663285714192e+00,1.994518683465849929e+00
5.900000000000000000e+01,2.554727183114022750e+02,-4.416902149585714454e+01,-3.223853120985714327e+01,5.901052547571429052e+00,1.994518683465849929e+00
5.900000000000000000e+01,2.556596073528458817e+02,-4.424305503528571393e+01,-3.207439328728571581e+01,5.951105431857143024e+00,1.994518683465849929e+00
5.900000000000000000e+01,2.558464963942894599e+02,-4.431708857471428331e+01,-3.191025536471428481e+01,6.001158316142856997e+00,1.994518683465849929e+00
5.900000000000000000e+01,2.560333854357330665e+02,-4.439112211414285269e+01,-3.174611744214285736e+01,6.051211200428571857e+00,1.994518683465849929e+00
5.900000000000000000e+01,2.562202744771766447e+02,-4.446515565357142918e+01,-3.158197951957142635e+01,6.101264084714285829e+00,1.994518683465849929e+00
5.900000000000000000e+01,2.564071635186202229e+02,-4.453918919299999857e+01,-3.141784159699999890e+01,6.151316968999999801e+00,1.994518683465849929e+00
5.900000000000000000e+01,2.565940525600638580e+02,-4.461322273242856795e+01,-3.125370367442857145e+01,6.201369853285714662e+00,1.994518683465849929e+00
5.900000000000000000e+01,2.567809416015074362e+02,-4.468725627185714444e+01,-3.108956575185714399e+01,6.251422737571428634e+00,1.994518683465849929e+00
5.900000000000000000e+01,2.569678306429510144e+02,-4.476128981128571382e+01,-3.092542782928571299e+01,6.301475621857143494e+00,1.994518683465849929e+00
5.900000000000000000e+01,2.571547196843945926e+02,-4.483532335071428321e+01,-3.076128990671428554e+01,6.351528506142857466e+00,1.994518683465849929e+00
5.900000000000000000e+01,2.573416087258382277e+02,-4.490935689014285259e+01,-3.059715198414285808e+01,6.401581390428571439e+00,1.994518683465849929e+00
5.900000000000000000e+01,2.575284977672818059e+02,-4.498339042957142908e+01,-3.043301406157142708e+01,6.451634274714286299e+00,1.994518683465849929e+00
6.000000000000000000e+01,2.577153868087253841e+02,-4.505742396899999846e+01,-3.026887613899999963e+01,6.501687159000000271e+00,-2.707202759417703053e+00
6.000000000000000000e+01,2.579073404122406146e+02,-4.522748048505263085e+01,-3.034777301126315763e+01,6.460428816842105348e+00,-2.707202759417703053e+00
6.000000000000000000e+01,2.580992940157558451e+02,-4.539753700110526324e+01,-3.042666988352631563e+01,6.419170474684210426e+00,-2.707202759417703053e+00
6.000000000000000000e+01,2.582912476192710756e+02,-4.556759351715789563e+01,-3.050556675578947363e+01,6.377912132526316391e+00,-2.707202759417703053e+00
6.000000000000000000e+01,2.584832012227863629e+02,-4.573765003321052802e+01,-3.058446362805263163e+01,6.336653790368421468e+00,-2.707202759417703053e+00
6.000000000000000000e+01,2.586751548263015934e+02,-4.590770654926315331e+01,-3.066336050031578964e+01,6.295395448210526546e+00,-2.707202759417703053e+00
6.000000000000000000e+01,2.588671084298168239e+02,-4.607776306531578570e+01,-3.074225737257894764e+01,6.254137106052631623e+00,-2.707202759417703053e+00
6.000000000000000000e+01,2.590590620333320544e+02,-4.624781958136841808e+01,-3.082115424484210564e+01,6.212878763894737588e+00,-2.707202759417703053e+00
6.000000000000000000e+01,2.592510156368472849e+02,-4.641787609742105047e+01,-3.090005111710526364e+01,6.171620421736842665e+00,-2.707202759417703053e+00
6.000000000000000000e+01,2.594429692403625722e+02,-4.658793261347368286e+01,-3.097894798936842164e+01,6.130362079578947743e+00,-2.707202759417703053e+00
6.000000000000000000e+01,2.596349228438778027e+02,-4.675798912952631525e+01,-3.105784486163157965e+01,6.089103737421052820e+00,-2.707202759417703053e+00
6.000000000000000000e+01,2.598268764473930332e+02,-4.692804564557894764e+01,-3.113674173389473765e+01,6.047845395263157897e+00,-2.707202759417703053e+00
6.000000000000000000e+01,2.600188300509082637e+02,-4.709810216163158003e+01,-3.121563860615789565e+01,6.006587053105263863e+00,-2.707202759417703053e+00
6.000000000000000000e+01,2.602107836544234942e+02,-4.726815867768421242e+01,-3.129453547842105365e+01,5.965328710947368940e+00,-2.707202759417703053e+00
6.000000000000000000e+01,2.604027372579387247e+02,-4.743821519373683770e+01,-3.137343235068421166e+01,5.924070368789474017e+00,-2.707202759417703053e+00
6.000000000000000000e+01,2.605946908614540121e+02,-4.760827170978947009e+01,-3.145232922294736966e+01,5.882812026631579094e+00,-2.707202759417703053e+00
6.000000000000000000e+01,2.607866444649692426e+02,-4.777832822584210248e+01,-3.153122609521052766e+01,5.841553684473684172e+00,-2.707202759417703053e+00
6.000000000000000000e+01,2.609785980684844731e+02,-4.794838474189473487e+01,-3.161012296747368566e+01,5.800295342315790137e+00,-2.707202759417703053e+00
6.000000000000000000e+01,2.611705516719997036e+02,-4.811844125794736726e+01,-3.168901983973684366e+01,5.759037000157895214e+00,-2.707202759417703053e+00
6.100000000000000000e+01,2.613625052755149341e+02,-4.828849777399999965e+01,-3.176791671200000167e+01,5.717778658000000291e+00,-2.474788583972806766e+00
6.100000000000000000e+01,2.615607972748394445e+02,-4.844409421473684318e+01,-3.189038128463158017e+01,5.728356610368421364e+00,-2.474788583972806766e+00
6.100000000000000000e+01,2.617590892741640118e+02,-4.859969065547368672e+01,-3.201284585726315868e+01,5.738934562736842437e+00,-2.474788583972806766e+00
6.100000000000000000e+01,2.619573812734885223e+02,-4.875528709621052315e+01,-3.213531042989473718e+01,5.749512515105263510e+00,-2.474788583972806766e+00
6.100000000000000000e+01,2.621556732728130328e+02,-4.891088353694736668e+01,-3.225777500252631569e+01,5.760090467473684583e+00,-2.474788583972806766e+00
6.100000000000000000e+01,2.623539652721375433e+02,-4.906647997768421021e+01,-3.238023957515789419e+01,5.770668419842105656e+00,-2.474788583972806766e+00
6.100000000000000000e+01,2.625522572714621106e+02,-4.922207641842105375e+01,-3.250270414778947270e+01,5.781246372210526729e+00,-2.474788583972806766e+00
6.100000000000000000e+01,2.627505492707866210e+02,-4.937767285915789728e+01,-3.262516872042105120e+01,5.791824324578947802e+00,-2.474788583972806766e+00
6.100000000000000000e+01,2.629488412701111315e+02,-4.953326929989473371e+01,-3.274763329305262971e+01,5.802402276947368875e+00,-2.474788583972806766e+00
6.100000000000000000e+01,2.631471332694356420e+02,-4.968886574063157724e+01,-3.287009786568420822e+01,5.812980229315789948e+00,-2.474788583972806766e+00
6.100000000000000000e+01,2.633454252687602093e+02,-4.984446218136842077e+01,-3.299256243831579383e+01,5.823558181684210133e+00,-2.474788583972806766e+00
6.100000000000000000e+01,2.635437172680847198e+02,-5.000005862210526431e+01,-3.311502701094737233e+01,5.834136134052631206e+00,-2.474788583972806766e+00
6.100000000000000000e+01,2.637420092674092302e+02,-5.015565506284210073e+01,-3.323749158357895084e+01,5.844714086421052279e+00,-2.474788583972806766e+00
6.100000000000000000e+01,2.639403012667337407e+02,-5.031125150357894427e+01,-3.335995615621052934e+01,5.855292038789473352e+00,-2.474788583972806766e+00
6.100000000000000000e+01,2.641385932660583080e+02,-5.046684794431578780e+01,-3.348242072884210785e+01,5.865869991157894425e+00,-2.474788583972806766e+00
6.100000000000000000e+01,2.643368852653828185e+02,-5.062244438505263133e+01,-3.360488530147368635e+01,5.876447943526315498e+00,-2.474788583972806766e+00
6.100000000000000000e+01,2.645351772647073290e+02,-5.077804082578947487e+01,-3.372734987410526486e+01,5.887025895894736571e+00,-2.474788583972806766e+00
6.100000000000000000e+01,2.647334692640318394e+02,-5.093363726652631129e+01,-3.384981444673684337e+01,5.897603848263157644e+00,-2.474788583972806766e+00
6.100000000000000000e+01,2.649317612633564067e+02,-5.108923370726315483e+01,-3.397227901936842187e+01,5.908181800631578717e+00,-2.474788583972806766e+00
6.200000000000000000e+01,2.651300532626809172e+02,-5.124483014799999836e+01,-3.409474359200000038e+01,5.918759752999999790e+00,-2.527392817328204977e+00
6.200000000000000000e+01,2.653255818125040832e+02,-5.140454103567999766e+01,-3.420736990644000031e+01,5.925017504039999494e+00,-2.527392817328204977e+00
6.200000000000000000e+01,2.655211103623272493e+02,-5.156425192335999697e+01,-3.431999622088000024e+01,5.931275255080000086e+00,-2.527392817328204977e+00
6.200000000000000000e+01,2.657166389121504153e+02,-5.172396281103999627e+01,-3.443262253532000017e+01,5.937533006119999790e+00,-2.527392817328204977e+00
6.200000000000000000e+01,2.659121674619735813e+02,-5.188367369871999557e+01,-3.454524884976000010e+01,5.943790757159999494e+00,-2.527392817328204977e+00
6.200000000000000000e+01,2.661076960117967474e+02,-5.204338458640000198e+01,-3.465787516420000003e+01,5.950048508200000086e+00,-2.527392817328204977e+00
6.200000000000000000e+01,2.663032245616199134e+02,-5.220309547408000128e+01,-3.477050147863999996e+01,5.956306259239999790e+00,-2.527392817328204977e+00
6.200000000000000000e+01,2.664987531114430794e+02,-5.236280636176000058e+01,-3.488312779307999989e+01,5.962564010280000382e+00,-2.527392817328204977e+00
6.200000000000000000e+01,2.666942816612662455e+02,-5.252251724943999989e+01,-3.499575410751999982e+01,5.968821761320000086e+00,-2.527392817328204977e+00
6.200000000000000000e+01,2.668898102110894115e+02,-5.268222813711999919e+01,-3.510838042195999975e+01,5.975079512359999789e+00,-2.527392817328204977e+00
6.200000000000000000e+01,2.670853387609125775e+02,-5.284193902479999849e+01,-3.522100673639999968e+01,5.981337263400000381e+00,-2.527392817328204977e+00
6.200000000000000000e+01,2.672808673107357436e+02,-5.300164991247999779e+01,-3.533363305083999961e+01,5.987595014440000085e+00,-2.527392817328204977e+00
6.200000000000000000e+01,2.674763958605589096e+02,-5.316136080015999710e+01,-3.544625936527999954e+01,5.993852765479999789e+00,-2.527392817328204977e+00
6.200000000000000000e+01,2.676719244103820756e+02,-5.332107168784000351e+01,-3.555888567971999947e+01,6.000110516520000381e+00,-2.527392817328204977e+00
6.200000000000000000e+01,2.678674529602052417e+02,-5.348078257552000281e+01,-3.567151199415999940e+01,6.006368267560000085e+00,-2.527392817328204977e+00
6.200000000000000000e+01,2.680629815100284077e+02,-5.364049346320000211e+01,-3.578413830859999933e+01,6.012626018599999789e+00,-2.527392817328204977e+00
6.200000000000000000e+01,2.682585100598515737e+02,-5.380020435088000141e+01,-3.589676462303999926e+01,6.018883769640000381e+00,-2.527392817328204977e+00
6.200000000000000000e+01,2.684540386096747397e+02,-5.395991523856000072e+01,-3.600939093747999920e+01,6.025141520680000085e+00,-2.527392817328204977e+00
6.200000000000000000e+01,2.686495671594979058e+02,-5.411962612624000002e+01,-3.612201725191999913e+01,6.031399271719999788e+00,-2.527392817328204977e+00
6.200000000000000000e+01,2.688450957093210718e+02,-5.427933701391999932e+01,-3.623464356635999906e+01,6.037657022760000380e+00,-2.527392817328204977e+00
6.200000000000000000e+01,2.690406242591442378e+02,-5.443904790159999862e+01,-3.634726988079999899e+01,6.043914773800000084e+00,-2.527392817328204977e+00
6.200000000000000000e+01,2.692361528089674039e+02,-5.459875878927999793e+01,-3.645989619523999892e+01,6.050172524840000676e+00,-2.527392817328204977e+00
6.200000000000000000e+01,2.694316813587905699e+02,-5.475846967696000434e+01,-3.657252250967999885e+01,6.056430275880000380e+00,-2.527392817328204977e+00
6.200000000000000000e+01,2.696272099086137359e+02,-5.491818056464000364e+01,-3.668514882411999878e+01,6.062688026920000084e+00,-2.527392817328204977e+00
6.200000000000000000e+01,2.698227384584369020e+02,-5.507789145232000294e+01,-3.679777513855999871e+01,6.068945777960000676e+00,-2.527392817328204977e+00
6.300000000000000000e+01,2.700182670082600680e+02,-5.523760234000000224e+01,-3.691040145299999864e+01,6.075203529000000380e+00,-3.087932084911487962e+00
6.300000000000000000e+01,2.702080410865220870e+02,-5.541436500625000150e+01,-3.691989575275000135e+01,6.006800174750000387e+00,-3.087932084911487962e+00
6.300000000000000000e+01,2.703978151647841059e+02,-5.559112767250000076e+01,-3.692939005249999695e+01,5.938396820500000395e+00,-3.087932084911487962e+00
6.300000000000000000e+01,2.705875892430461249e+02,-5.576789033875000001e+01,-3.693888435224999967e+01,5.869993466250000402e+00,-3.087932084911487962e+00
6.400000000000000000e+01,2.707773633213082007e+02,-5.594465300499999927e+01,-3.694837865200000238e+01,5.801590112000000410e+00,2.266739561087837806e+00
6.400000000000000000e+01,2.709472319804438598e+02,-5.605338562299999694e+01,-3.681821873350000374e+01,5.811128180749999927e+00,2.266739561087837806e+00
6.400000000000000000e+01,2.711171006395794620e+02,-5.616211824100000172e+01,-3.668805881500000510e+01,5.820666249500000333e+00,2.266739561087837806e+00
